epoch,training/train_loss_mean,evaluation/eval_return,evaluation/eval_time,time/total
0,1.1334429862799396,3647.5,41.01304268836975,979.4435131549835
1,1.04590817474538,4663.0,32.197916746139526,1936.881412744522
2,1.0076781586346386,5540.0,33.245954275131226,2903.4900200366974
3,0.9740933223780981,4639.0,33.808406591415405,4155.218621730804
4,0.9465801424233428,5622.5,25.008317947387695,5396.541344881058
