epoch,training/train_loss_mean,evaluation/eval_return,evaluation/eval_time,time/total
0,1.7478586158342468,643.0,49.202208280563354,887.028623342514
1,1.634253448205204,842.0,59.784573793411255,1798.5717861652374
2,1.5750120387106614,957.0,64.38269186019897,2733.3758311271667
3,1.5283828151994743,1145.0,56.832730293273926,3784.809192419052
4,1.4927595223594712,845.0,63.52123475074768,4801.148025035858
