epoch,training/train_loss_mean,evaluation/eval_return,evaluation/eval_time,time/total
0,1.3263127613360615,2030.0,124.66918015480042,3055.0678086280823
1,1.009316544806231,1780.0,109.20552611351013,6133.418661594391
2,0.748336043012368,1900.0,94.01917695999146,9124.292213201523
3,0.5684275626831035,1860.0,102.00457954406738,12122.926230192184
4,0.45814010407823325,2100.0,105.7045590877533,15126.056834697723
