epoch,training/train_loss_mean,evaluation/eval_return,evaluation/eval_time,time/total
0,1.3481988843717252,1070.0,57.638836145401,919.6113004684448
1,1.239788671598952,510.0,43.98399353027344,1835.5598998069763
2,1.190699237578967,550.0,44.209755182266235,2768.628756046295
3,1.1316500093212147,460.0,36.99973011016846,3706.9842641353607
4,1.0747287375290049,720.0,39.887892961502075,4625.605238437653
