epoch,training/train_loss_mean,evaluation/eval_return,evaluation/eval_time,time/total
0,1.5539725252255012,0.0,406.1269109249115,3368.7538821697235
1,1.4354840745940554,7.8,543.9453644752502,6789.878370285034
2,1.353899349936814,11.2,473.70685744285583,9778.05364537239
3,1.2809650628797469,9.5,509.6408808231354,13142.143898487091
4,1.2284091361290481,12.0,457.51146125793457,16077.073960065842
