epoch,training/train_loss_mean,evaluation/eval_return,evaluation/eval_time,time/total
0,1.2665233707891876,610.0,45.798202991485596,4018.5082070827484
1,1.1450519358507498,470.0,36.82940196990967,8022.620842456818
2,1.076544868842309,640.0,44.28976082801819,12152.861229419708
3,1.005101883374784,430.0,40.58231449127197,16167.676676750183
4,0.9480750968501437,460.0,41.59084963798523,20716.790516376495
