epoch,training/train_loss_mean,evaluation/eval_return,evaluation/eval_time,time/total
0,1.3614748443509759,730.0,104.84479975700378,3052.873279809952
1,1.2280040598501625,1100.0,93.2456967830658,7654.722993850708
2,1.1421067198300692,720.0,93.79858565330505,12853.983880519867
