epoch,training/train_loss_mean,evaluation/eval_return,evaluation/eval_time,time/total
0,1.3464660657342893,190.0,111.0953643321991,1095.6752791404724
1,1.2563374278916308,120.0,90.22869658470154,1736.2207436561584
2,1.227723832323217,180.0,109.25224375724792,2369.3752324581146
3,1.2040671864209913,330.0,102.12853765487671,3022.393876552582
4,1.1837970776104023,260.0,94.39732527732849,3640.064739704132
