epoch,training/train_loss_mean,evaluation/eval_return,evaluation/eval_time,time/total
0,1.5303156080455946,5.9,481.3531861305237,4192.4891567230225
1,1.1633930635708634,16.8,307.57656598091125,8218.366601228714
2,0.7787849881743018,12.5,399.0266170501709,12390.106712818146
3,0.5366521390260822,15.0,356.9461085796356,16510.05178308487
4,0.4106780457545474,15.5,331.3696436882019,20657.726348161697
