epoch,training/train_loss_mean,evaluation/eval_return,evaluation/eval_time,time/total
0,1.5276373095863796,360.0,93.94084978103638,963.8660802841187
1,1.4276012617831586,1320.0,151.9269576072693,2008.232642173767
2,1.3860164924678198,1370.0,152.5196475982666,3375.368685245514
3,1.3490253325738584,2370.0,205.76007318496704,4814.468819618225
4,1.3185392685898008,1770.0,191.05830144882202,6242.809506654739
