epoch,training/train_loss_mean,evaluation/eval_return,evaluation/eval_time,time/total
0,0.8621606518840155,38.1,140.07919239997864,2987.9234342575073
1,0.6853439292111766,68.3,140.31766724586487,5596.65375828743
2,0.4932496785903917,89.8,696.5671253204346,9143.02306008339
3,0.33785546816317047,93.8,1386.274775981903,13416.93128490448
4,0.2428855218157302,77.4,176.04902601242065,16486.87730026245
