epoch,training/train_loss_mean,evaluation/eval_return,evaluation/eval_time,time/total
0,0.8386538152015948,44.2,123.24991416931152,3859.1735944747925
1,0.5985504621825826,70.9,134.40278553962708,7908.903296947479
2,0.35346976078997133,56.0,126.79340481758118,11900.018454313278
3,0.20148673455988633,64.1,186.0994372367859,15950.651210784912
4,0.12758921340100288,63.6,112.2362277507782,20024.342531204224
