epoch,training/train_loss_mean,evaluation/eval_return,evaluation/eval_time,time/total
0,1.8747461162423649,-63.9,282.12971091270447,1136.5569376945496
1,1.7816674292026546,-13.8,273.17703223228455,2370.238243341446
2,1.733053606327627,-11.7,263.2577576637268,3596.75381731987
3,1.6868578446924138,-7.6,272.4204263687134,5031.034578084946
4,1.6475987893776127,-10.4,259.6181871891022,6442.254376649857
