epoch,training/train_loss_mean,evaluation/eval_return,time/total
0,0.8603851588768295,55.3,1422.471783876419
1,0.7052677256547952,59.1,3029.728753566742
2,0.5316415301455727,57.8,4508.96480178833
3,0.37383716068690337,50.2,6023.894057512283
4,0.271880411724501,60.1,7441.966005086899
