epoch,training/train_loss_mean,evaluation/eval_return,evaluation/eval_time,time/total
0,1.479523313570169,16.0,93.78070116043091,1035.1254954338074
1,1.3522409206159038,8.0,126.58410596847534,2092.5988414287567
2,1.3225562423010078,13.0,225.38233733177185,3247.0834550857544
3,1.2958604213891278,6.0,239.51093173027039,4632.34299659729
4,1.2724020076017664,4.0,342.73779582977295,6123.750851392746
