epoch,training/train_loss_mean,evaluation/eval_return,evaluation/eval_time,time/total
0,1.154302443702731,2911.0,48.64873743057251,1018.0005934238434
1,1.0321642683557746,2883.0,175.9188630580902,2139.677290201187
2,0.953542970403068,3163.5,93.79454755783081,2783.3842000961304
3,0.8702313420319875,2867.0,99.32315826416016,3407.526836156845
4,0.8006694254025954,2901.5,145.99785089492798,4105.376418352127
