epoch,training/train_loss_mean,evaluation/eval_return,evaluation/eval_time,time/total
0,1.5224994596707784,900.0,144.9307782649994,1001.9807155132294
1,1.3912922082623294,2340.0,185.54194903373718,2058.0631477832794
2,1.3061762220905893,2320.0,186.4735505580902,3128.598610639572
3,1.1994425428072286,2080.0,175.93817234039307,4479.083155632019
4,1.1050664974698756,1640.0,173.31512093544006,5850.0528428554535
