epoch,training/train_loss_mean,evaluation/eval_return,evaluation/eval_time,time/total
0,1.418372447683477,5845.5,74.81543135643005,941.4051647186279
1,1.3008846644857401,8577.5,84.91043448448181,2019.1008787155151
2,1.25318321381279,6918.0,199.99940133094788,3357.9339718818665
3,1.2144720160241258,6488.5,183.02430748939514,4705.228144168854
4,1.1837576111605126,6078.5,174.3345808982849,6034.2509343624115
