epoch,training/train_loss_mean,evaluation/eval_return,evaluation/eval_time,time/total
0,1.3859149087658924,432.5,42.031909465789795,1032.8502757549286
1,1.269477933797768,793.0,87.12832975387573,1829.8837325572968
2,1.2187275946933391,252.0,149.2636215686798,2728.762031316757
3,1.1814618470602904,296.0,71.06185960769653,3551.612845659256
4,1.1516538915761052,673.5,141.54433631896973,4428.052090406418
