epoch,training/train_loss_mean,evaluation/eval_return,evaluation/eval_time,time/total
0,1.6555112119949114,878.0,301.3526005744934,4300.233329296112
1,1.443237218012031,868.0,310.5229318141937,8627.994148015976
2,1.268982053108235,1000.0,346.6224956512451,13015.2544631958
3,1.1128122967692198,1026.0,337.67211747169495,17303.102925539017
4,1.008740784111111,1022.0,334.26379132270813,21763.94662475586
