epoch,training/train_loss_mean,evaluation/eval_return,evaluation/eval_time,time/total
0,1.5128952704042105,4240.0,33.70360445976257,886.852353811264
1,1.382498378153345,5780.0,36.39798903465271,1771.315717458725
2,1.3386774351677362,3410.0,31.12514042854309,2639.423449277878
3,1.3016496203084806,3760.0,29.18889355659485,3529.2637124061584
4,1.2703197210447572,2680.0,27.732508897781372,4519.609778404236
