epoch,training/train_loss_mean,evaluation/eval_return,evaluation/eval_time,time/total
0,1.0228587344151558,2105.0,46.32315397262573,983.0623819828033
1,0.9202572966610275,3230.0,47.215320348739624,1860.328819513321
2,0.8707688232252762,3270.0,51.46183204650879,2745.51504278183
3,0.8116862645016234,3605.0,49.036903619766235,3626.3019938468933
4,0.7573924528295699,3277.5,42.48814678192139,4492.0152378082275
