epoch,training/train_loss_mean,evaluation/eval_return,evaluation/eval_time,time/total
0,1.456508190690434,1240.0,92.70280432701111,1090.0049357414246
1,1.317893891336974,1030.0,93.28607678413391,2067.9242594242096
2,1.2425213480557,1470.0,98.47796154022217,3061.2633736133575
3,1.1536768120289338,1530.0,98.38408041000366,4057.6635632514954
4,1.07527076764873,1650.0,103.36748886108398,5055.198202133179
