epoch,training/train_loss_mean,evaluation/eval_return,evaluation/eval_time,time/total
0,1.7688542269513454,472.0,81.25776720046997,904.6321649551392
1,1.5789161200655153,962.0,137.1933615207672,1882.1829190254211
2,1.4709026246744388,968.0,137.43638968467712,2845.6965680122375
3,1.3495494601914435,1084.0,146.2832269668579,4113.772354602814
4,1.2444543376061665,1162.0,159.08187437057495,5406.273475408554
