epoch,training/train_loss_mean,evaluation/eval_return,evaluation/eval_time,time/total
0,1.5621098835408473,-20.3,102.2911159992218,3762.6284437179565
1,1.405901638898737,-20.3,84.88294744491577,7718.876643896103
2,1.1982814113238014,-19.8,96.11001443862915,11736.87094116211
3,1.0286959342875972,-20.2,86.79678869247437,15630.604403495789
4,0.914457564621294,-20.8,78.81113386154175,19513.4046626091
