epoch,training/train_loss_mean,evaluation/eval_return,evaluation/eval_time,time/total
0,1.1990013452779924,2998.0,70.31853151321411,2941.027231693268
1,0.8503673139805069,2965.0,95.9030966758728,5543.383029460907
2,0.6277602113520129,2968.0,99.76699471473694,8174.367657661438
3,0.4886632926239457,2985.5,90.3548686504364,10742.174473762512
4,0.4015823979287409,2963.0,95.06861209869385,13310.248382091522
