epoch,training/train_loss_mean,evaluation/eval_return,evaluation/eval_time,time/total
0,1.328379755928403,390.0,73.26517057418823,3028.2261724472046
1,1.0206217762145762,980.0,81.6367552280426,5659.324164867401
2,0.748655159413601,1220.0,89.21714401245117,8299.836308479309
3,0.5590914340276811,1140.0,93.04617500305176,10916.312869310379
4,0.4456285165934702,1130.0,88.08001208305359,13551.424123048782
