epoch,training/train_loss_mean,evaluation/eval_return,evaluation/eval_time,time/total
0,1.643769436324265,-20.2,88.76967096328735,1014.5274028778076
1,1.6054887867998808,-18.0,122.87395787239075,1961.094046831131
2,1.5258895870118936,2.1,411.7448446750641,3493.363256216049
3,1.4701610670607068,7.7,384.99492955207825,5001.154184818268
4,1.4280762685846038,4.6,449.0526804924011,6586.702126264572
