epoch,training/train_loss_mean,evaluation/eval_return,evaluation/eval_time,time/total
0,1.4048926299523672,9765.5,109.14274573326111,984.9019174575806
1,1.289918244678142,11128.0,154.5130693912506,2120.3527097702026
2,1.24369518402411,11066.0,186.21435165405273,3280.234442949295
3,1.2037379124879592,5807.5,107.3470561504364,4354.687147855759
4,1.1712177040755078,5262.0,160.18411922454834,5681.519849061966
