epoch,training/train_loss_mean,evaluation/eval_return,evaluation/eval_time,time/total
0,1.3686369509801948,590.0,70.16310167312622,2879.205696582794
1,1.2536332714087648,1650.0,84.41794729232788,6216.163823843002
