epoch,training/train_loss_mean,evaluation/eval_return,evaluation/eval_time,time/total
0,0.86038414032961,24.5,67.14257025718689,3996.8663532733917
1,0.7393228891746728,34.7,88.38598442077637,7902.848008155823
2,0.6415520379376057,31.4,82.43100953102112,11922.963922977448
3,0.5494359945158316,72.1,143.10895323753357,15979.12249994278
4,0.48193552798633993,27.6,70.81426858901978,20171.512871026993
