epoch,training/train_loss_mean,evaluation/eval_return,time/total
0,0.8593967486563758,47.4,1372.984349489212
1,0.6873998719305782,45.8,2902.301661491394
2,0.49802287849628313,92.9,6752.470458030701
3,0.3438377220408299,50.9,8868.900124788284
4,0.24784600017219405,46.1,20941.998716831207
