epoch,training/train_loss_mean,evaluation/eval_return,time/total
0,0.9441575913554301,387.5,1269.5169117450714
1,0.853948806129317,1205.0,2842.983446121216
2,0.8114087428339671,732.5,4395.854523420334
3,0.7683224603195594,332.5,5703.936421632767
4,0.7326213126824591,360.0,7332.019733428955
