epoch,training/train_loss_mean,evaluation/eval_return,evaluation/eval_time,time/total
0,1.158386867481952,4677.5,48.83875918388367,922.9400379657745
1,1.0761966662311748,7900.5,63.790266275405884,1848.4487578868866
2,1.0401593039809376,10000.0,71.05607962608337,2783.3014867305756
3,1.0081932081353824,8869.0,89.23874711990356,4088.9454476833344
4,0.9817368243282381,7881.5,104.78196549415588,5256.987055301666
