epoch,training/train_loss_mean,evaluation/eval_return,evaluation/eval_time,time/total
0,1.3766170152012134,796.0,51.231237173080444,989.9219326972961
1,1.266934540309584,1104.0,54.78319716453552,1869.253182888031
2,1.1968214797998036,1344.0,71.13177156448364,2784.773446083069
3,1.1429760867888021,1867.0,82.41697382926941,3701.377766609192
4,1.09316474284706,1317.0,60.69494557380676,4923.990393400192
