epoch,training/train_loss_mean,evaluation/eval_return,time/total
0,1.3076152604559192,1.0,63.80863904953003
1,1.1604708039242289,2.1,117.43139457702637
