epoch,training/train_loss_mean,evaluation/eval_return,evaluation/eval_time,time/total
0,1.3490276732610704,320.0,267.5064480304718,1304.3934218883514
1,1.2295727491866846,1040.0,305.4701352119446,2564.6522698402405
2,1.1738613461398786,880.0,293.022057056427,3819.4347932338715
3,1.1061638802625506,980.0,315.72018551826477,5085.300419092178
4,1.0413493212072242,1170.0,337.54652190208435,6353.374874591827
