epoch,training/train_loss_mean,evaluation/eval_return,evaluation/eval_time,time/total
0,1.5345856461595768,6.4,513.8797342777252,4387.808058977127
1,1.385171432954131,10.9,513.2557153701782,8951.04483962059
2,1.2682752474966992,4.6,673.8154237270355,13407.096623420715
3,1.1696442376633394,16.6,381.1930868625641,17566.947854995728
4,1.105677789501575,11.1,517.0031378269196,22000.972457647324
