epoch,training/train_loss_mean,evaluation/eval_return,evaluation/eval_time,time/total
0,1.619043715229542,-18.9,100.68505024909973,952.6430428028107
1,1.5256600613603817,1.0,411.9621412754059,2183.7412078380585
2,1.478580640062705,1.6,432.14034724235535,3717.4834971427917
3,1.4461014264681689,3.4,442.51484203338623,5270.887986660004
4,1.4215511137289791,11.6,360.0341901779175,6747.240094661713
