epoch,training/train_loss_mean,evaluation/eval_return,evaluation/eval_time,time/total
0,1.2855134674690152,1240.0,149.4248263835907,823.5638091564178
1,1.1637653316787713,1180.0,131.70226550102234,1670.1902177333832
2,1.1301320648486197,1450.0,143.49017190933228,2577.2719218730927
3,1.107411918828041,1250.0,134.17465138435364,3464.888721227646
4,1.0891491429710582,990.0,151.09139108657837,4364.376740455627
