epoch,training/train_loss_mean,evaluation/eval_return,evaluation/eval_time,time/total
0,0.9233025748853004,410.0,43.95356249809265,3844.776959657669
1,0.8186305439356224,445.0,32.00857877731323,7762.50196647644
2,0.7602008039134622,337.5,32.37756943702698,11600.562746286392
3,0.6997160235552439,497.5,36.576760053634644,15482.684469938278
4,0.6510314456145702,617.5,46.654720306396484,19284.36584854126
