epoch,training/train_loss_mean,evaluation/eval_return,evaluation/eval_time,time/total
0,1.2642804139464925,6302.0,62.95604944229126,3105.179523706436
1,1.1281467938935885,6875.0,71.85106420516968,6216.5137305259705
2,1.043968518422435,8404.0,183.146399974823,9445.475635051727
3,0.9652660212575382,8759.0,191.9252164363861,12737.640447378159
4,0.9058242408178185,6616.0,332.97819113731384,16178.637886047363
