epoch,training/train_loss_mean,evaluation/eval_return,evaluation/eval_time,time/total
0,1.8210073306226193,282.0,62.179869413375854,896.6813349723816
1,1.673939375757805,648.0,98.48354434967041,1833.4549629688263
2,1.6079434939148238,782.0,106.50852012634277,2761.626932144165
3,1.5580337417284322,1318.0,184.39772081375122,4056.101134777069
4,1.5196698001731748,1032.0,140.19267201423645,5340.476240634918
