epoch,training/train_loss_mean,evaluation/eval_return,evaluation/eval_time,time/total
0,0.9172917148179417,2964.0,104.64851140975952,4137.7926568984985
1,0.5607927825532689,2954.0,95.17781710624695,8585.711553573608
2,0.39279392555439957,3077.0,124.56701993942261,13171.693554401398
3,0.2887639578830506,2723.0,95.81006646156311,17670.46767807007
4,0.22410038740007437,2852.5,210.02338933944702,22328.16668200493
