epoch,training/train_loss_mean,evaluation/eval_return,evaluation/eval_time,time/total
0,1.5238393318811727,1200.0,28.48520588874817,738.8142700195312
1,1.36474282159532,1590.0,50.72103404998779,1309.933432817459
2,1.272763951835027,2590.0,76.88372087478638,1908.7672131061554
3,1.1680987055738483,1560.0,66.65425276756287,2498.248616218567
4,1.077322739966694,1920.0,52.42428946495056,3097.9820563793182
