epoch,training/train_loss_mean,evaluation/eval_return,evaluation/eval_time,time/total
0,1.1773611218072741,2998.0,55.77025079727173,666.9311168193817
1,1.08787649949229,3001.5,47.65725517272949,1270.1702706813812
2,1.0490622022927967,2992.5,64.87045502662659,1877.9764688014984
3,1.0158716884947847,3025.5,52.21054649353027,2478.060418367386
4,0.9891256735781199,3020.0,76.15297603607178,3091.3565168380737
