epoch,training/train_loss_mean,evaluation/eval_return,evaluation/eval_time,time/total
0,1.4337743476200981,3030.5,69.56412696838379,906.2587449550629
1,1.2691498064762983,3078.0,93.59202456474304,1822.6611578464508
2,1.1604895711921255,2962.0,125.86381769180298,2804.7201578617096
3,1.049262287672857,3562.5,144.49424648284912,3776.417935371399
4,0.9599593346719244,3155.5,99.75964140892029,4713.4402186870575
