epoch,training/train_loss_mean,evaluation/eval_return,evaluation/eval_time,time/total
0,1.1444803633428766,479.5,66.42844414710999,928.3220613002777
1,1.013572244738117,607.5,86.95388078689575,2014.5533146858215
2,0.9163166283341001,576.0,88.2976291179657,3103.1434445381165
3,0.8132415178976381,528.5,80.61872053146362,4394.133221149445
4,0.7275688700690606,634.0,96.6902003288269,5705.21036863327
