epoch,training/train_loss_mean,evaluation/eval_return,evaluation/eval_time,time/total
0,1.6179586150507113,-19.0,111.23486971855164,966.5699992179871
1,1.5321418899230606,2.1,375.15720105171204,2171.265249967575
2,1.497674192718498,8.3,465.62419509887695,3576.6770696640015
3,1.4744826058648381,7.5,473.19984912872314,5158.122810125351
4,1.4578691056587314,8.1,470.6228632926941,6457.935843467712
