epoch,training/train_loss_mean,evaluation/eval_return,evaluation/eval_time,time/total
0,1.3613900642922128,850.0,48.61224985122681,986.4405772686005
1,1.2643995181930956,1780.0,66.43958878517151,2077.8387172222137
2,1.2364950748036558,650.0,44.6428337097168,3154.627100944519
3,1.2144453716497705,710.0,46.93237829208374,4133.962113618851
4,1.1957720819490836,530.0,47.66963982582092,5219.8935260772705
