epoch,training/train_loss_mean,evaluation/eval_return,evaluation/eval_time,time/total
0,1.3497581917529462,510.0,49.875075340270996,975.6573152542114
1,1.2594061084511092,490.0,43.248149394989014,1936.387464761734
2,1.231970098453022,490.0,41.890280961990356,2921.170120239258
3,1.2093287013326233,420.0,43.140990257263184,3888.5974519252777
4,1.1896380627167507,500.0,42.277037620544434,4874.73469209671
