epoch,training/train_loss_mean,evaluation/eval_return,evaluation/eval_time,time/total
0,1.2750347252389913,610.0,42.34827780723572,798.8752195835114
1,1.1618403017581913,930.0,52.912296772003174,1369.7110738754272
2,1.11028762413389,800.0,48.487571239471436,1935.7843823432922
3,1.0480203979945109,650.0,43.038315534591675,2495.985566854477
4,0.9892632189829249,540.0,40.97286367416382,3054.1407935619354
