epoch,training/train_loss_mean,evaluation/eval_return,evaluation/eval_time,time/total
0,1.2808382121709696,840.0,52.476714849472046,2806.2264761924744
1,1.1768707058946108,500.0,48.3844039440155,6048.517850160599
2,1.1330459821669798,370.0,41.17699217796326,9285.09551692009
3,1.0866200825036396,420.0,43.94443345069885,12536.628885507584
4,1.0472471477188212,500.0,45.23500680923462,15739.485156536102
