epoch,training/train_loss_mean,evaluation/eval_return,evaluation/eval_time,time/total
0,1.262588991669588,7136.5,184.56899857521057,3209.36031293869
1,1.130273873843844,9966.5,217.3510673046112,6492.41975402832
2,1.0497211859095603,6590.5,170.92255783081055,9704.260526418686
3,0.9747089625808806,4386.5,96.98325300216675,12877.683721542358
4,0.9182049028396118,5329.5,48.28885078430176,15558.958511352539
