epoch,training/train_loss_mean,evaluation/eval_return,evaluation/eval_time,time/total
0,1.262588991669588,7136.5,184.56899857521057,3209.36031293869
1,1.130273873843844,9966.5,217.3510673046112,6492.41975402832
