epoch,training/train_loss_mean,evaluation/eval_return,evaluation/eval_time,time/total
0,1.2873836538869747,2978.0,60.05064821243286,624.223659992218
1,1.1445215724507765,2944.5,118.44008827209473,1263.016276359558
2,1.0603368721269415,2972.5,52.71623086929321,1836.2904534339905
3,0.9759306309777126,2950.5,52.94187879562378,2410.1325039863586
4,0.9045964876302311,3605.0,68.82516884803772,2999.8677694797516
