epoch,training/train_loss_mean,evaluation/eval_return,evaluation/eval_time,time/total
0,1.810707912169313,304.0,67.46173048019409,892.4991552829742
1,1.66567786701382,528.0,90.29930710792542,1792.2809731960297
2,1.6060322077759945,644.0,94.57532095909119,2721.8822367191315
3,1.5631407865970381,884.0,124.82678484916687,3954.8539731502533
4,1.5304654833604272,798.0,107.13701367378235,5169.049972772598
