epoch,training/train_loss_mean,evaluation/eval_return,evaluation/eval_time,time/total
0,1.3239270930282898,1760.0,100.65237617492676,3065.392459630966
1,1.0160232339525492,1800.0,112.29821515083313,5775.677313327789
2,0.7516777771470246,1470.0,99.6989676952362,8426.68020439148
3,0.568186107486929,1480.0,98.79287886619568,11073.907287597656
4,0.4555364818494868,1300.0,104.95679044723511,13766.289246797562
