epoch,training/train_loss_mean,evaluation/eval_return,evaluation/eval_time,time/total
0,1.4976072365115742,908.0,119.26737475395203,3874.3774857521057
1,0.8841479615986927,890.0,127.81935787200928,7837.953697443008
2,0.544712984769453,822.0,116.74502754211426,11827.80691742897
3,0.37444931178659396,906.0,130.4185380935669,15838.742855548859
4,0.28137078093096834,1052.0,147.7085404396057,19876.7944688797
