epoch,training/train_loss_mean,evaluation/eval_return,evaluation/eval_time,time/total
0,1.1616177113618964,2904.5,51.42479681968689,3825.3339309692383
1,0.6802238159709506,2660.0,254.90605974197388,7922.491481304169
2,0.4506583145900195,3009.5,133.7480812072754,11957.983113527298
3,0.3261483810189682,2932.5,2001.4840621948242,17858.266024827957
4,0.25434040925591894,2960.0,4796.533165216446,26564.882672309875
