epoch,training/train_loss_mean,evaluation/eval_return,evaluation/eval_time,time/total
0,1.1446620794499298,396.0,62.27403402328491,936.1299650669098
1,1.0139359380352095,545.5,71.64896202087402,1901.2966694831848
2,0.9125831953975293,374.5,43.424349784851074,2843.1918926239014
3,0.8060606061009082,528.0,77.5788221359253,3812.0924105644226
4,0.7190686652823871,479.0,58.07925987243652,4758.752928972244
