epoch,training/train_loss_mean,evaluation/eval_return,evaluation/eval_time,time/total
0,1.2604630032808917,1710.0,254.01904940605164,4081.209186553955
1,0.7864410112103132,1860.0,257.7780373096466,8197.114971160889
2,0.49295094459714855,2070.0,254.16766929626465,12314.891386985779
3,0.335715824679967,1880.0,266.26453948020935,16508.60026216507
4,0.24878062989183164,1930.0,260.74152541160583,20664.867959976196
