epoch,training/train_loss_mean,evaluation/eval_return,evaluation/eval_time,time/total
0,0.8738710104473053,15.1,55.416242361068726,4133.783605098724
1,0.7501247310052452,43.8,132.21519446372986,8745.47386598587
2,0.6510823672695522,27.3,87.3566358089447,12946.603599309921
3,0.5597154683353837,25.2,208.20266437530518,17251.923416137695
4,0.49463188478840475,26.9,142.1444811820984,21523.488376140594
