epoch,training/train_loss_mean,evaluation/eval_return,evaluation/eval_time,time/total
0,0.9524227536402173,2865.0,39.117393255233765,2920.9725527763367
1,0.7622330890395247,2597.5,53.81737208366394,5852.932575941086
2,0.5721424356583626,1417.5,38.40593338012695,8810.31377863884
3,0.42010831217917183,837.5,41.366881132125854,11765.118556022644
4,0.32500066428506796,2105.0,41.666027784347534,14728.755435466766
