epoch,training/train_loss_mean,evaluation/eval_return,evaluation/eval_time,time/total
0,1.3522172759657873,3800.0,187.82002997398376,1165.053183555603
1,1.1927599276100478,4300.0,161.4629294872284,2273.463662147522
2,1.123569819797879,3800.0,125.86199402809143,3376.656771659851
3,1.050573159447712,3100.0,154.82723450660706,4488.437318563461
4,0.983391067388724,4200.0,179.75060486793518,5622.548840045929
