epoch,training/train_loss_mean,evaluation/eval_return,time/total
0,0.8830099850063082,28.0,1797.5845148563385
1,0.7733662571182733,51.5,3162.6205406188965
2,0.6965229627754115,56.4,4533.0507843494415
3,0.6223356412634065,62.4,5933.504664182663
4,0.5652387226684183,49.5,7538.495899915695
