epoch,training/train_loss_mean,evaluation/eval_return,evaluation/eval_time,time/total
0,1.345414483681428,752.0,45.231446743011475,869.4122304916382
1,1.2205179919361946,1062.0,55.94631004333496,1753.0034070014954
2,1.1584990023346493,1182.0,69.36442923545837,2688.260610818863
3,1.0915470922951078,2112.0,74.47722744941711,3581.787845849991
4,1.0277821948730836,1508.0,82.51349377632141,4490.941937446594
