epoch,training/train_loss_mean,evaluation/eval_return,evaluation/eval_time,time/total
0,0.9347162212234681,13.5,46.91844964027405,889.8779067993164
1,0.852761757562934,19.9,61.867061376571655,1897.5464551448822
2,0.8132001150593909,37.0,102.78855347633362,2960.118916749954
3,0.7774327864666434,66.5,123.91348457336426,4222.499210596085
4,0.7475708918598316,43.2,105.28181719779968,5472.728794574738
