epoch,training/train_loss_mean,evaluation/eval_return,evaluation/eval_time,time/total
0,1.350933820588806,430.0,106.1544725894928,668.1083397865295
1,1.2602222881517244,60.0,76.6572904586792,1263.4403290748596
2,1.2323573402518992,220.0,88.75933647155762,1888.51025223732
3,1.2114641553547878,170.0,80.6136417388916,2515.4451711177826
4,1.1935569571374993,110.0,84.95143699645996,3119.0865540504456
