epoch,training/train_loss_mean,evaluation/eval_return,evaluation/eval_time,time/total
0,1.5153197351627574,9.3,408.63683438301086,3284.9744606018066
1,1.2461337807602109,10.1,355.95502281188965,6538.923109769821
2,0.982095993090091,-1.4,501.94006729125977,9946.278745889664
3,0.7775986929215716,15.7,287.8092739582062,13173.787389993668
4,0.6410042946300809,5.2,414.39075565338135,16606.452778816223
