epoch,training/train_loss_mean,evaluation/eval_return,evaluation/eval_time,time/total
0,1.3185432879988221,2200.0,188.36705231666565,1032.1309378147125
1,1.2023231057696113,4100.0,162.96610307693481,2029.8794522285461
2,1.130197864471951,4600.0,175.37643837928772,3053.7437686920166
3,1.0762644863726538,5400.0,195.7533302307129,4084.6361293792725
4,1.0299653636945552,4800.0,155.4373607635498,5062.819062709808
