epoch,training/train_loss_mean,evaluation/eval_return,evaluation/eval_time,time/total
0,1.3473116227157773,630.0,44.633713245391846,904.3478920459747
1,1.2585283490994081,660.0,36.33202075958252,1803.0619025230408
2,1.2310784351130224,450.0,39.65280604362488,2702.908610343933
3,1.2083061841395641,430.0,40.47587037086487,3625.485580444336
4,1.1882711220666111,590.0,38.17117667198181,4832.753270864487
