epoch,training/train_loss_mean,evaluation/eval_return,evaluation/eval_time,time/total
0,1.0412591243412501,657.5,44.55444526672363,908.7637093067169
1,0.9602260699413694,1722.5,58.04568290710449,1852.3388841152191
2,0.929364515363621,2655.0,55.763673305511475,2741.767710208893
3,0.9033800181203513,1977.5,47.608007192611694,3683.979487657547
4,0.882555767268461,2605.0,49.1078987121582,4631.183351993561
