epoch,training/train_loss_mean,evaluation/eval_return,evaluation/eval_time,time/total
0,1.3487321136551724,570.0,45.17029047012329,962.128232717514
1,1.2560016079715233,490.0,43.59471845626831,1948.6963427066803
2,1.2254745984028648,350.0,40.132381200790405,3207.460744857788
