epoch,training/train_loss_mean,evaluation/eval_return,evaluation/eval_time,time/total
0,1.7954336623818505,404.0,80.0920684337616,1035.927927017212
1,1.6070539380596263,604.0,87.89552807807922,2087.936563014984
2,1.4953172135499506,1218.0,159.71910119056702,3214.5392124652863
3,1.3721521784119621,1186.0,167.53544449806213,4385.216598033905
4,1.2675418579834632,1366.0,169.79316425323486,5586.999108076096
