epoch,training/train_loss_mean,evaluation/eval_return,evaluation/eval_time,time/total
0,0.9139008394156855,1542.5,41.21445298194885,4035.5417301654816
1,0.8085723500403147,2040.0,43.19558548927307,7953.8397517204285
2,0.7420235607359145,1500.0,36.76973581314087,11831.799142599106
3,0.6773580016994623,910.0,46.73989415168762,16108.671214342117
4,0.628245683523306,1117.5,41.15506672859192,19991.795193195343
