epoch,training/train_loss_mean,evaluation/eval_return,evaluation/eval_time,time/total
0,1.3525477307967788,540.0,41.31913113594055,1034.1851797103882
1,1.231404408431224,300.0,39.05017948150635,2082.8230006694794
2,1.177725316558182,570.0,46.64496636390686,3132.4680013656616
3,1.11410870949834,680.0,46.953810691833496,4192.394987821579
4,1.052019391601625,460.0,46.77429723739624,5251.221392631531
