epoch,training/train_loss_mean,evaluation/eval_return,evaluation/eval_time,time/total
0,1.3501752100679012,200.0,90.43682503700256,1113.2712366580963
1,1.2325402730074972,490.0,102.25321125984192,2109.3060381412506
2,1.1790696008544617,460.0,107.37349700927734,3142.1739661693573
3,1.1144568040402665,320.0,103.21583914756775,4144.144568681717
4,1.0516670454243922,520.0,111.16836643218994,5169.182958602905
