epoch,training/train_loss_mean,evaluation/eval_return,evaluation/eval_time,time/total
0,1.1903252345259472,630.0,49.565431118011475,4331.444898605347
1,0.810437241152379,640.0,49.0157413482666,8299.231636047363
2,0.5136565990131816,540.0,43.76193571090698,12342.521302461624
3,0.3422030794791423,750.0,52.330081939697266,16486.247822999954
4,0.25036858824876657,660.0,53.562397956848145,20638.782654762268
