epoch,training/train_loss_mean,evaluation/eval_return,evaluation/eval_time,time/total
0,1.6981201931811332,320.0,56.78706932067871,3022.9428651332855
1,1.5321756618424556,917.0,124.7969663143158,6169.654145479202
2,1.4324871501248737,788.0,106.68183612823486,9268.627160072327
3,1.3378983130530706,1058.0,137.37450742721558,12064.560059070587
4,1.265134508708655,1068.0,137.9606568813324,15218.88674378395
