epoch,training/train_loss_mean,evaluation/eval_return,evaluation/eval_time,time/total
0,1.2703114579009425,2899.5,64.78392910957336,622.9498705863953
1,1.1325920731774861,2666.0,57.412842988967896,1201.7025125026703
2,1.0608962526890005,2932.5,55.23237466812134,1778.0913481712341
3,0.9884028496371321,2973.5,52.2596538066864,2352.6125977039337
4,0.9262487992354523,2959.0,56.29732799530029,2958.400311946869
