epoch,training/train_loss_mean,evaluation/eval_return,evaluation/eval_time,time/total
0,1.5571919071393712,1880.0,28.210803270339966,797.020236492157
1,1.421739227482582,2670.0,29.00531530380249,1349.404015302658
2,1.378295160791891,1550.0,21.296112775802612,1894.0855360031128
3,1.3438329117691017,1390.0,21.926417350769043,2435.3603885173798
4,1.3154372887089163,1030.0,21.02421760559082,2976.904743909836
