epoch,training/train_loss_mean,evaluation/eval_return,evaluation/eval_time,time/total
0,1.0362712904177624,2883.5,198.4047474861145,3403.023775577545
1,0.9325572451871295,4508.0,272.6038661003113,6882.447134971619
2,0.8700323943229925,2947.5,367.57289814949036,10460.277627944946
3,0.8126071100349739,2969.0,405.3536727428436,14036.576942682266
4,0.7701150311364068,2903.5,392.04535579681396,17227.113181352615
