epoch,training/train_loss_mean,evaluation/eval_return,evaluation/eval_time,time/total
0,1.0366013986723763,3610.5,82.32889819145203,3284.7564203739166
1,0.9383554599313204,4373.5,77.67627739906311,6548.7863256931305
2,0.8829460440692813,3053.0,86.29478788375854,9821.103109121323
3,0.8312941089814221,3403.0,153.51300644874573,12825.59524154663
4,0.7917630879072062,3456.0,188.27402210235596,16243.618983745575
