epoch,training/train_loss_mean,evaluation/eval_return,time/total
0,1.5527237837435568,-11.6,3063.3024725914
1,1.2560546265896488,5.2,6498.904821634293
2,0.9674136214993361,0.1,9766.832334756851
3,0.7447879186960802,0.2,13983.330689191818
4,0.6008677862446814,1.2,17819.77085161209
