epoch,training/train_loss_mean,evaluation/eval_return,evaluation/eval_time,time/total
0,1.6483837845625628,-20.2,87.54394316673279,988.0253953933716
1,1.5892922285269324,-17.0,159.9229748249054,1975.3310990333557
2,1.5285858636990783,2.6,386.9618263244629,3471.3922202587128
3,1.4938376498319963,8.2,421.32776832580566,5022.802414655685
4,1.4723456188380535,6.3,493.53615975379944,6672.880485534668
