epoch,training/train_loss_mean,evaluation/eval_return,time/total
0,1.3252590262371562,1.4,63.82666301727295
1,1.153672392471977,1.1,115.40465879440308
