epoch,training/train_loss_mean,evaluation/eval_return,evaluation/eval_time,time/total
0,1.3582268511016635,620.0,76.70666599273682,967.3844635486603
1,1.2633161266299084,1270.0,118.88522267341614,1961.253961801529
2,1.2355308458895375,410.0,75.96302199363708,3223.773849248886
3,1.2130614375140796,530.0,78.55187487602234,4459.646640300751
4,1.1941867096458267,520.0,84.3069498538971,5579.223665237427
