epoch,training/train_loss_mean,evaluation/eval_return,evaluation/eval_time,time/total
0,1.3573210737844328,590.0,41.87595319747925,905.5095191001892
1,1.2618569800956223,760.0,44.3963668346405,1920.9561512470245
2,1.2343870603318345,560.0,53.586689472198486,2954.3547987937927
3,1.211867638839792,520.0,39.46292591094971,4096.8091106414795
4,1.1928849742502858,490.0,37.87247371673584,5012.719242572784
