epoch,training/train_loss_mean,evaluation/eval_return,time/total
0,0.9330521895685269,435.0,1851.4665701389313
1,0.8448507045668197,365.0,3390.93572306633
2,0.7996297912743255,775.0,5144.646013021469
3,0.7548918057944028,657.5,6758.575122833252
4,0.718764988672339,802.5,8290.225075483322
