epoch,training/train_loss_mean,evaluation/eval_return,evaluation/eval_time,time/total
0,1.2719434098713958,8083.0,126.09276723861694,4240.21516251564
1,1.0942023257322941,6477.5,101.32725286483765,8189.828012704849
2,0.9643940262408728,6365.0,225.98278045654297,12167.127124071121
3,0.8543921600716332,5369.5,176.8441903591156,16212.967462301254
4,0.7798963375904593,5942.5,152.83316445350647,20164.432374954224
