epoch,training/train_loss_mean,evaluation/eval_return,evaluation/eval_time,time/total
0,0.9270132753841709,32.2,87.03435254096985,960.4857625961304
1,0.8389786183834076,67.3,139.25831961631775,1958.9243638515472
2,0.7943853217662296,37.9,101.82441258430481,3253.4264600276947
3,0.7531818194484515,54.9,137.8632357120514,4553.696648836136
4,0.7184093614378629,112.6,170.6616988182068,5917.060909986496
