epoch,training/train_loss_mean,evaluation/eval_return,evaluation/eval_time,time/total
0,0.9163209380183518,17.7,73.45386934280396,935.6365168094635
1,0.8294850772393518,20.4,61.635926246643066,1871.4208524227142
2,0.7780364674945937,60.9,100.92147898674011,2852.9757566452026
3,0.7234028908466975,82.5,133.1353030204773,3872.292848587036
4,0.6735628287831251,49.2,148.55830931663513,5213.62961268425
