epoch,training/train_loss_mean,evaluation/eval_return,evaluation/eval_time,time/total
0,1.2912160637313992,8092.5,81.75549912452698,2723.673084259033
1,1.1575548259405009,9166.5,85.93597149848938,5935.738620042801
2,1.0729988264659094,11282.5,69.53604984283447,9040.305770158768
3,0.993140205779078,8801.0,82.97491717338562,12158.289615869522
4,0.9334134508937185,9763.5,155.21354293823242,15389.046591997147
