epoch,training/train_loss_mean,evaluation/eval_return,evaluation/eval_time,time/total
0,0.8099530146662784,132.4,152.32385444641113,3890.979174375534
1,0.5758136084796341,124.3,164.4516201019287,8303.921424627304
2,0.3461001844083842,61.6,161.56742787361145,12638.45906329155
3,0.2039689696787323,47.9,394.033047914505,17204.78693294525
4,0.13273847790189847,67.8,4058.3458235263824,25116.59032392502
