epoch,training/train_loss_mean,evaluation/eval_return,evaluation/eval_time,time/total
0,0.8911039348266336,16.2,63.024086713790894,2532.9327006340027
1,0.789150662228076,21.7,93.70684123039246,5522.13031578064
2,0.7205349727892839,27.1,84.66599082946777,8410.094453334808
3,0.6539761388356784,10.9,50.035401344299316,11441.508000850677
4,0.6022916509137054,20.2,65.33447909355164,14404.476771354675
