epoch,training/train_loss_mean,evaluation/eval_return,evaluation/eval_time,time/total
0,1.4956320709069406,560.0,41.7406702041626,923.0053260326385
1,1.3443382196929097,1450.0,51.833680868148804,1901.073893070221
2,1.2513787945314951,830.0,60.02394151687622,2891.969494342804
3,1.1420858242494667,650.0,49.09463381767273,3878.265623807907
4,1.0477006721215947,1520.0,59.389034032821655,4871.247352838516
