epoch,training/train_loss_mean,evaluation/eval_return,evaluation/eval_time,time/total
0,0.8351573911130703,52.8,167.27362847328186,3951.261161804199
1,0.5816028771861907,53.9,187.92725920677185,8283.879848241806
2,0.34212780844933305,110.6,156.59918785095215,12348.014444589615
3,0.19514369442715623,59.1,807.5619156360626,17079.898550271988
4,0.12459068652671602,120.8,3779.8007442951202,25121.0075237751
