epoch,training/train_loss_mean,evaluation/eval_return,evaluation/eval_time,time/total
0,1.0388958563946165,1627.5,43.818469524383545,930.9236361980438
1,0.9263112291220876,2265.0,46.92392039299011,1885.4102635383606
2,0.875057699949983,3645.0,42.97705101966858,2817.4437432289124
3,0.8122307922664416,2975.0,43.89025592803955,3774.04553771019
4,0.7539950050222959,3267.5,44.796222448349,4741.196739435196
