epoch,training/train_loss_mean,evaluation/eval_return,evaluation/eval_time,time/total
0,1.4942565754650803,2910.0,87.57108950614929,1099.1035397052765
1,1.3357636824845047,2480.0,37.4191038608551,2053.4959857463837
2,1.241210947627299,2290.0,40.13351273536682,3026.5425775051117
3,1.1329185666789052,2030.0,32.635308504104614,3959.9686501026154
4,1.041140891298911,1710.0,27.769659996032715,4935.622429609299
