epoch,training/train_loss_mean,evaluation/eval_return,evaluation/eval_time,time/total
0,1.4828160412479936,1100.0,100.49850869178772,998.5407764911652
1,1.3378624737323734,1440.0,104.2280342578888,2134.029711961746
2,1.2710734946212847,850.0,91.13566565513611,3263.761415719986
3,1.1924593212538634,1280.0,102.84893870353699,4378.921925067902
4,1.1206507729776318,1400.0,99.21947908401489,5482.314570426941
