epoch,training/train_loss_mean,evaluation/eval_return,evaluation/eval_time,time/total
0,1.1267835381331195,4037.0,781.0890054702759,1773.9011697769165
1,1.0352873413565216,4363.0,744.8571975231171,3633.566386938095
2,0.9961621961427687,5279.0,955.9420256614685,5541.3434183597565
3,0.9615886565850725,4716.0,873.7026340961456,7539.264410972595
4,0.9327234958614029,5134.0,974.8610603809357,9476.48105764389
