epoch,training/train_loss_mean,evaluation/eval_return,evaluation/eval_time,time/total
0,1.358361915714787,180.0,97.7542929649353,847.4163725376129
1,1.236126381823814,160.0,95.10513758659363,1638.5572164058685
2,1.184034097463106,100.0,83.03968977928162,2421.5226056575775
3,1.1233580559034553,30.0,89.87303566932678,3210.407104253769
4,1.065086005410006,70.0,80.29982900619507,3990.236827850342
