epoch,training/train_loss_mean,evaluation/eval_return,evaluation/eval_time,time/total
0,1.4691578313296503,10.0,93.67605113983154,906.9094805717468
1,1.3042102575058092,4.0,86.92756819725037,1810.5474154949188
2,1.2331689515645818,6.0,95.74798583984375,3036.5668284893036
3,1.1487770647329099,7.0,106.19933843612671,4301.957273006439
4,1.0746864032842973,10.0,200.56803464889526,5628.908968925476
