epoch,training/train_loss_mean,evaluation/eval_return,evaluation/eval_time,time/total
0,0.9363841294571223,12.3,44.18777847290039,872.4105021953583
1,0.8486122727973678,39.3,99.78626704216003,1793.5243082046509
2,0.8069639789472461,54.8,109.51627564430237,2769.902586698532
3,0.7704510833065243,43.2,126.4488570690155,4125.708383798599
4,0.7406489059649324,27.3,84.18916845321655,5438.31848692894
