epoch,training/train_loss_mean,evaluation/eval_return,evaluation/eval_time,time/total
0,1.2400022178689944,2984.5,66.99359202384949,3025.698223590851
1,0.8706641833231624,3001.0,78.75059461593628,6035.022616863251
2,0.6394544213598224,2973.5,90.87518906593323,9053.31992316246
3,0.4977619579310791,2952.0,114.32661247253418,12102.973847866058
4,0.4113244888297851,2958.5,91.24118304252625,15117.272570610046
