epoch,training/train_loss_mean,evaluation/eval_return,evaluation/eval_time,time/total
0,1.1368620909346285,2990.0,65.76300072669983,1046.3480019569397
1,1.0240270634512574,3053.0,92.09477162361145,2017.3540132045746
2,0.9503787982000177,3034.0,103.51139712333679,3008.7052688598633
3,0.8721034646095248,2917.0,66.71758794784546,3952.314820766449
4,0.8069641552293557,2966.0,90.65747332572937,4936.138071775436
