epoch,training/train_loss_mean,evaluation/eval_return,evaluation/eval_time,time/total
0,1.1374980461542537,2957.0,86.3068675994873,1048.1364080905914
1,1.0263785174461568,2939.0,182.262216091156,2193.499456882477
2,0.9547062143759694,2953.0,70.64445948600769,3593.600615978241
3,0.8785995111067683,2911.0,48.196258306503296,4914.971657752991
4,0.8140083775610616,2979.5,54.36305785179138,6091.675873041153
