epoch,training/train_loss_mean,evaluation/eval_return,evaluation/eval_time,time/total
0,1.1374957128642402,3026.5,314.91465759277344,1358.981421470642
1,1.0244768464150424,2993.0,405.60826897621155,2709.204349756241
2,0.9511302474089264,2956.5,364.1433551311493,4012.4442608356476
3,0.8737769949277567,2990.0,403.0544431209564,5362.247150659561
4,0.8090851359382012,3001.0,570.9418437480927,7158.140111207962
