epoch,training/train_loss_mean,evaluation/eval_return,evaluation/eval_time,time/total
0,0.8614916864322871,39.5,107.5791265964508,3003.297167778015
1,0.7570858773242738,41.0,110.01191663742065,6036.102395057678
2,0.6845605169206903,80.8,124.66312003135681,8720.443506717682
3,0.613723282104752,72.7,136.5103476047516,11751.822768688202
4,0.5588026663400061,101.5,172.682147026062,14451.784178972244
