epoch,training/train_loss_mean,evaluation/eval_return,evaluation/eval_time,time/total
0,1.3524718284606934,1064.0,63.20582604408264,883.1541168689728
1,1.2141493429547079,1404.0,73.29439973831177,1885.4471089839935
2,1.1469474129203399,1165.0,66.603262424469,2884.105069875717
3,1.0790799576770076,1612.0,81.33677268028259,3915.839405298233
4,1.016080262198541,1563.0,83.88984513282776,4933.2046620845795
