epoch,training/train_loss_mean,evaluation/eval_return,evaluation/eval_time,time/total
0,1.1727176211629455,2922.0,213.71867847442627,801.2770466804504
1,1.08269454116343,3011.5,63.46207547187805,1429.245747089386
2,1.0407460344423414,3001.0,62.08530855178833,2026.8815450668335
3,1.004898074217438,2990.5,134.56655764579773,2707.707393169403
4,0.9759519583981259,2996.0,175.9359118938446,3441.940422773361
