epoch,training/train_loss_mean,evaluation/eval_return,evaluation/eval_time,time/total
0,1.4815156329184755,12.9,344.7946126461029,4416.034717082977
1,1.044335075817655,14.2,333.9465579986572,8438.474374771118
2,0.6884411814209137,14.1,349.72532892227173,12651.032702445984
3,0.47378971269358994,14.2,374.4826283454895,16868.16015791893
4,0.3606526957099034,14.8,338.11933732032776,21170.609770298004
