epoch,training/train_loss_mean,evaluation/eval_return,evaluation/eval_time,time/total
0,1.357979681329488,2230.0,116.58460903167725,3897.5665464401245
1,1.2192383480267346,1860.0,90.00512051582336,7819.453202009201
2,1.125148935374149,2050.0,96.95647859573364,11682.719944953918
3,1.0247271804704583,1550.0,90.1532027721405,15515.899175405502
4,0.9509729345639547,1730.0,82.38762545585632,19377.038564682007
