epoch,training/train_loss_mean,evaluation/eval_return,evaluation/eval_time,time/total
0,1.3462698775645776,150.0,95.48427438735962,1316.5539646148682
1,1.2339425536602766,200.0,93.0691089630127,2858.871605873108
2,1.17871498597925,200.0,100.11652946472168,4416.418120145798
3,1.109994684402262,110.0,80.1483633518219,5606.674603223801
4,1.0446400977633017,200.0,86.15397667884827,6400.8655388355255
