epoch,training/train_loss_mean,evaluation/eval_return,evaluation/eval_time,time/total
0,0.9228273742454087,2967.0,41.45586371421814,4495.352887868881
1,0.5792612669196913,2982.5,50.4118926525116,8606.959847450256
2,0.40241584047499646,2968.5,67.65013980865479,12899.55039525032
3,0.2985387291822199,2676.5,54.77965044975281,17212.17701292038
4,0.23567773006509282,2942.5,42.35791087150574,21446.018617391586
