epoch,training/train_loss_mean,evaluation/eval_return,evaluation/eval_time,time/total
0,1.332823293357935,3700.0,190.7265956401825,1043.95267868042
1,1.22190734869138,3700.0,119.71544218063354,1984.5994243621826
2,1.1868692621237913,3300.0,151.94937300682068,3083.1901948451996
3,1.1616791093087122,4700.0,175.13413047790527,4408.253819704056
4,1.1428342294424558,5300.0,211.61575770378113,5760.084224224091
