epoch,training/train_loss_mean,evaluation/eval_return,evaluation/eval_time,time/total
0,1.7959172080214705,824.0,135.6431863307953,948.3395285606384
1,1.599423861308376,998.0,135.2277910709381,2008.041847705841
2,1.4808076900127844,1128.0,158.27314114570618,3104.6432676315308
3,1.349176600926242,1170.0,156.61961722373962,4218.792241096497
4,1.2380142350401824,1142.0,157.36792469024658,5312.804171800613
