epoch,training/train_loss_mean,evaluation/eval_return,evaluation/eval_time,time/total
0,0.8199714508901421,96.3,224.14833164215088,3985.6376101970673
1,0.5471402192445395,94.0,204.8080916404724,7996.5359082221985
2,0.30594608363162784,87.3,512.0665438175201,12305.396162748337
3,0.17254189554081167,98.7,4869.077033519745,21036.208996772766
4,0.11284522244900358,60.2,3950.3493320941925,28853.167028665543
