epoch,training/train_loss_mean,evaluation/eval_return,evaluation/eval_time,time/total
0,1.3744582098322653,2650.0,115.58354616165161,2835.1359372138977
1,1.2623225173398402,4300.0,146.2603325843811,6131.351133823395
2,1.2126909386971274,2750.0,131.2962348461151,9458.657993555069
3,1.1593738841326862,2160.0,106.58228754997253,12765.863379001617
4,1.1144089596856268,2450.0,110.11120510101318,16013.436426401138
