epoch,training/train_loss_mean,evaluation/eval_return,evaluation/eval_time,time/total
0,1.8131336512438716,632.0,65.0292956829071,928.4131870269775
1,1.6704060396555136,710.0,63.85497045516968,1828.2847082614899
2,1.5609313954228388,774.0,53.47464632987976,2723.310689687729
3,1.4446145502913328,867.0,53.700531005859375,3624.006230354309
4,1.3443373230609093,856.0,61.890928745269775,4534.831438064575
