epoch,training/train_loss_mean,evaluation/eval_return,evaluation/eval_time,time/total
0,0.953798710140154,330.0,30.698623657226562,2969.325628042221
1,0.8671289295705843,847.5,35.08805322647095,5947.837508201599
2,0.8290726681031512,527.5,33.319491386413574,9024.532016038895
3,0.7919383488492482,320.0,32.58674073219299,12161.76281785965
4,0.7611215865984369,380.0,28.637593269348145,15184.516615152359
