epoch,training/train_loss_mean,evaluation/eval_return,evaluation/eval_time,time/total
0,1.904191285890347,-47.0,303.9765934944153,1307.2076723575592
1,1.8148931413126332,-47.8,313.8822560310364,2459.280648946762
2,1.767363355982145,-29.6,269.9756588935852,3866.294431209564
3,1.7211282824908698,-21.7,269.825546503067,5283.567070484161
4,1.681243704370735,-21.6,271.9852695465088,6508.181149721146
