epoch,training/train_loss_mean,evaluation/eval_return,evaluation/eval_time,time/total
0,1.101975837336158,2664.5,146.908700466156,4773.676041126251
1,0.6383880155396596,2647.5,85.3660798072815,8004.890039205551
2,0.4230778350991221,2946.0,111.45165276527405,11451.70296382904
3,0.3055667806391953,3003.5,110.33016586303711,14869.475994110107
4,0.23744297288529884,2984.5,73.29733180999756,18043.038339614868
