epoch,training/train_loss_mean,evaluation/eval_return,evaluation/eval_time,time/total
0,1.0364377234157789,1222.5,41.996134757995605,939.1613693237305
1,0.9186439509889609,1525.0,38.79089689254761,1893.7234342098236
2,0.874724190609726,2280.0,47.56785702705383,2842.57218170166
3,0.8234140647226371,3657.5,43.163495779037476,3784.8815698623657
4,0.7736712517550438,2545.0,41.11276626586914,4742.010551214218
