epoch,training/train_loss_mean,evaluation/eval_return,evaluation/eval_time,time/total
0,0.991027976480192,2983.5,60.45945382118225,1634.0715260505676
1,0.7485247928853287,2653.0,32.60457754135132,3776.507797241211
2,0.5742643148210558,2990.0,33.30280303955078,5944.910993099213
3,0.4591342923400711,2962.5,35.60442662239075,8333.55270910263
4,0.3840563421638819,3243.0,40.54492473602295,9916.962214231491
