epoch,training/train_loss_mean,evaluation/eval_return,time/total
0,1.3249239994132,1.9,65.85158920288086
1,1.1526369271071062,1.0,117.07449102401733
