epoch,training/train_loss_mean,evaluation/eval_return,evaluation/eval_time,time/total
0,1.4408687399500102,2964.0,56.80412530899048,1013.86656665802
1,1.2660429999003513,2976.5,59.89213943481445,2006.0486507415771
2,1.159419649027997,3015.0,101.65946006774902,3052.680433034897
3,1.0512281466835962,2984.0,54.8781476020813,4052.653434753418
4,0.9627185289117917,3004.5,97.45913171768188,5079.417436361313
