epoch,training/train_loss_mean,evaluation/eval_return,time/total
0,0.8725777332976445,34.8,1366.1966300010681
1,0.7728951254723184,36.6,2915.4053287506104
2,0.6994275891912378,52.3,4453.107340335846
3,0.6288899939241954,67.7,6202.019120454788
4,0.5745365338375719,54.4,7721.827173233032
