epoch,training/train_loss_mean,evaluation/eval_return,evaluation/eval_time,time/total
0,1.7970133499454939,522.0,87.87189292907715,912.277040719986
1,1.6099096927086431,788.0,104.58082628250122,1854.2206075191498
2,1.5064249019783864,934.0,129.02196335792542,2826.968770980835
3,1.395607842027592,1180.0,174.74307823181152,3847.6429460048676
4,1.2986703710277834,1398.0,202.0174219608307,5223.5818474292755
