epoch,training/train_loss_mean,evaluation/eval_return,evaluation/eval_time,time/total
0,0.7766119854546668,0.0,3850.4547777175903,6808.972325086594
1,0.3350944187219364,0.0,375.76413655281067,9636.029679775238
2,0.2013197393751242,0.0,1550.805546283722,14037.594236850739
3,0.1326973480036548,0.0,1791.00239944458,18681.899339675903
4,0.09345978829977272,0.0,7269.957989454269,28879.48219037056
