epoch,training/train_loss_mean,evaluation/eval_return,evaluation/eval_time,time/total
0,0.9229485017982452,16.1,76.547354221344,952.0170044898987
1,0.8315331362714055,42.6,135.7649745941162,2095.8784120082855
2,0.7768969889367981,69.2,133.9001030921936,3268.902953863144
3,0.7201386826492259,118.7,194.86068749427795,4476.382532835007
4,0.6692399228241451,97.1,175.3809039592743,5659.828360080719
