epoch,training/train_loss_mean,evaluation/eval_return,evaluation/eval_time,time/total
0,0.84704280171221,14.1,58.9301815032959,4040.143275976181
1,0.7254069377322473,37.2,91.62644481658936,8203.322764873505
2,0.6293355201185512,54.1,66.43634390830994,12384.556479930878
3,0.540038989817736,57.6,103.61922717094421,16512.716383218765
4,0.4756617484737285,36.8,91.57718586921692,20488.469379663467
