epoch,training/train_loss_mean,evaluation/eval_return,time/total
0,0.8491521076548662,43.8,1381.5306479930878
1,0.6843251915669131,46.4,2835.1014211177826
2,0.49844201403850297,43.7,4238.737058639526
3,0.3439206870323198,34.2,5604.959033250809
4,0.24868436637469973,40.2,7077.797321557999
