epoch,training/train_loss_mean,evaluation/eval_return,evaluation/eval_time,time/total
0,1.7794998192982396,802.0,125.01907134056091,958.5559895038605
1,1.5905752016675632,1132.0,159.6708390712738,1957.2209289073944
2,1.4786807484124065,952.0,116.83315753936768,3233.4579739570618
3,1.3580012018263279,956.0,120.36894178390503,4517.40326333046
4,1.2530143782267673,890.0,102.40608596801758,5748.078997373581
