epoch,training/train_loss_mean,evaluation/eval_return,evaluation/eval_time,time/total
0,1.2344104359837234,8870.0,151.94645071029663,4734.806523799896
1,1.0707290461902061,4572.0,169.21816611289978,7832.331014871597
2,0.9546945421621241,7163.5,265.62026047706604,11021.291953325272
3,0.854905392625548,7336.0,395.8911306858063,14366.238176345825
4,0.7862261251736713,4963.5,375.2652609348297,17675.459458589554
