epoch,training/train_loss_mean,evaluation/eval_return,evaluation/eval_time,time/total
0,1.4727597587428294,7.0,75.48981642723083,1010.0049042701721
1,1.307487077972906,11.0,88.47229766845703,2050.8075273036957
2,1.2365240740800465,10.0,91.86011123657227,3118.1523735523224
3,1.153381000948782,6.0,122.59044528007507,4213.258388519287
4,1.0802979582468832,12.0,102.19366216659546,5309.236296892166
