epoch,training/train_loss_mean,evaluation/eval_return,evaluation/eval_time,time/total
0,1.3782180656363765,750.0,75.66006231307983,3094.3447725772858
1,1.2627770415465769,820.0,81.41420292854309,5903.8329610824585
2,1.2124039165435299,1710.0,99.5695788860321,8761.527356624603
3,1.1602702328808419,1800.0,89.3508710861206,11567.186450004578
4,1.1162222933293122,1240.0,84.95643734931946,14868.192915201187
