epoch,training/train_loss_mean,evaluation/eval_return,evaluation/eval_time,time/total
0,0.8674311355877948,53.8,136.19986033439636,3969.3929510116577
1,0.7397373901595229,51.7,155.75694847106934,8255.164618253708
2,0.6412187518978265,44.8,109.33790016174316,12225.801800251007
3,0.5486159424597461,48.0,104.38550782203674,16175.252346992493
4,0.481846285061658,34.0,89.27550745010376,20066.817315340042
