epoch,training/train_loss_mean,evaluation/eval_return,evaluation/eval_time,time/total
0,1.457910804567952,6201.5,56.07985520362854,956.2638518810272
1,1.340145041962119,4365.0,78.31507730484009,1943.2454633712769
2,1.2891340150803847,10135.5,113.85943722724915,3263.26038479805
3,1.244970544318582,5911.5,228.57771754264832,4661.905732393265
4,1.2107742588010024,5681.5,204.32197189331055,6012.98751783371
