epoch,training/train_loss_mean,evaluation/eval_return,evaluation/eval_time,time/total
0,1.5329965613648884,6.9,486.741943359375,3017.768794775009
1,1.4247543924720363,15.1,355.8672471046448,6311.126345157623
2,1.3544773316908298,8.8,523.1214973926544,9875.418196678162
3,1.2969362847449777,18.4,293.76417088508606,13152.123087644577
4,1.2568178432633557,15.7,350.75990891456604,16117.953712701797
