epoch,training/train_loss_mean,evaluation/eval_return,evaluation/eval_time,time/total
0,1.2486448813851316,1120.0,130.67312479019165,1117.4396727085114
1,1.147393718224587,1470.0,139.9572217464447,1921.5981392860413
2,1.1177515228304673,1280.0,147.9648790359497,2733.259580850601
3,1.0931642452062336,1910.0,172.93581771850586,3572.038308620453
4,1.0709963731292327,1230.0,131.97681784629822,4640.997966051102
