epoch,training/train_loss_mean,evaluation/eval_return,evaluation/eval_time,time/total
0,1.2855054101025942,950.0,49.605785608291626,2689.2597575187683
1,1.1796867623429266,440.0,43.13612103462219,5805.644369125366
2,1.1363302784825495,470.0,46.430604219436646,8921.239472389221
3,1.09263383859985,650.0,43.013052463531494,12044.124093532562
4,1.0556033768839428,600.0,45.002739667892456,15216.34677195549
