epoch,training/train_loss_mean,evaluation/eval_return,evaluation/eval_time,time/total
0,1.2722204030475206,2975.5,86.2682716846466,649.0279338359833
1,1.1244257983190133,2858.5,61.196247816085815,1231.1855027675629
2,1.0413558660961588,2921.5,79.46220970153809,1831.4735779762268
3,0.9561766357358427,2991.0,101.35031366348267,2454.3052616119385
4,0.8843769473667155,2887.0,92.79971027374268,3097.0037400722504
