epoch,training/train_loss_mean,evaluation/eval_return,evaluation/eval_time,time/total
0,1.8661155962102123,-42.8,275.7208194732666,1120.491567850113
1,1.7458862506135338,-15.7,258.7815971374512,2332.0790688991547
2,1.6450169231044844,-25.4,255.0324296951294,3522.8585410118103
3,1.5188508854917762,-6.9,302.2205271720886,4786.727108716965
4,1.4105445465021513,-27.2,273.57037258148193,6005.997408866882
