epoch,training/train_loss_mean,evaluation/eval_return,evaluation/eval_time,time/total
0,1.3503056893395085,2200.0,108.78036451339722,3892.338053226471
1,1.2136330484306268,5540.0,162.23500275611877,7817.616373300552
2,1.1165999633131793,2410.0,98.32417488098145,11737.717908382416
3,1.011583864322639,2510.0,101.91844248771667,15604.129521369934
4,0.9339090567396899,1960.0,92.25582814216614,19567.204840421677
