epoch,training/train_loss_mean,evaluation/eval_return,evaluation/eval_time,time/total
0,1.1150591611984197,3040.0,261.8106379508972,1299.5523467063904
1,1.0045913610695085,3286.0,278.61404180526733,2531.578951358795
2,0.938639889506503,3281.0,291.63611793518066,3775.4140326976776
3,0.8678625007307761,3817.5,209.17664408683777,4921.641912937164
4,0.8078680404194057,2997.5,240.49143075942993,6112.0885100364685
