epoch,training/train_loss_mean,evaluation/eval_return,evaluation/eval_time,time/total
0,0.9282797703484176,375.0,43.14167308807373,3965.759627342224
1,0.8230451764476892,270.0,37.07697868347168,7906.620258808136
2,0.7560016773507586,262.5,37.542646408081055,11836.338433504105
3,0.6887230734244042,275.0,39.81623601913452,15668.397391557693
4,0.6372279083490738,182.5,30.086259841918945,19535.679705619812
