epoch,training/train_loss_mean,evaluation/eval_return,evaluation/eval_time,time/total
0,1.3498654075142305,907.0,173.71607637405396,1139.0686554908752
1,1.2466424792059367,1465.0,218.14421033859253,2425.796465396881
2,1.2029508430979756,1417.0,189.6249556541443,3879.6144330501556
3,1.176132047798641,1392.0,198.45001816749573,5306.053905248642
4,1.155205183653895,1498.0,234.75209951400757,6799.183851957321
