epoch,training/train_loss_mean,evaluation/eval_return,evaluation/eval_time,time/total
0,1.5215006226648937,630.0,105.9219720363617,992.9799582958221
1,1.4221093645481395,1900.0,142.40342664718628,2001.652761220932
2,1.3833679895440045,1970.0,151.27044701576233,3319.413849592209
3,1.3480837747164856,1970.0,169.132737159729,4657.723443984985
4,1.318360570082279,3090.0,199.353533744812,6060.350757598877
