epoch,training/train_loss_mean,evaluation/eval_return,evaluation/eval_time,time/total
0,1.5246572101006366,1070.0,21.211989402770996,879.9528827667236
1,1.394680741133441,1830.0,24.431875705718994,1754.4367361068726
2,1.3486939658894144,1590.0,22.373979330062866,2628.437028646469
3,1.3091342131947543,1370.0,26.469655990600586,3504.2637033462524
4,1.2753493176084947,1640.0,22.4281108379364,4682.255830287933
