epoch,training/train_loss_mean,evaluation/eval_return,evaluation/eval_time,time/total
0,0.9129806906747476,16.3,46.897149085998535,929.7522783279419
1,0.8206610025012505,34.4,105.50524997711182,1901.1911888122559
2,0.7767421058097905,39.8,113.79660034179688,3183.242997407913
3,0.7360714326251371,70.8,136.84355783462524,4487.2620532512665
4,0.7031505659085335,100.5,170.1542203426361,5828.1033935546875
