epoch,training/train_loss_mean,evaluation/eval_return,evaluation/eval_time,time/total
0,0.8817315025019511,32.7,92.05204486846924,3124.336255788803
1,0.7727881079750433,42.2,127.45209002494812,5845.704696893692
2,0.6971360346749692,80.1,162.74503135681152,8979.870790243149
3,0.6254411244233693,53.2,138.21211981773376,11701.353169202805
4,0.5707258658719198,62.1,148.1556694507599,14887.628607988358
