epoch,training/train_loss_mean,evaluation/eval_return,evaluation/eval_time,time/total
0,1.2025664376406808,1190.0,52.62069249153137,4108.879147768021
1,0.8093725440139594,1280.0,51.02554368972778,8332.644651651382
2,0.5088851297292353,640.0,44.39723539352417,12541.843309402466
3,0.3427609376307945,820.0,50.3651237487793,16693.67331790924
4,0.2518515212607274,900.0,48.420350790023804,20911.792894601822
