epoch,training/train_loss_mean,evaluation/eval_return,evaluation/eval_time,time/total
0,1.264451091068559,700.0,55.535187005996704,4143.09675860405
1,1.1434894640263813,300.0,45.04287886619568,8336.418524980545
2,1.0728317513199752,220.0,42.36146569252014,12480.226281166077
3,0.997842904884145,300.0,44.918049573898315,16641.28943347931
4,0.937862514594977,250.0,41.59534454345703,20837.878838539124
