epoch,training/train_loss_mean,evaluation/eval_return,evaluation/eval_time,time/total
0,1.5828506135354576,972.0,134.49920797348022,3023.597047805786
1,1.161624554268104,754.0,103.84507036209106,6031.722270965576
2,0.8187251545744435,896.0,126.72993564605713,9164.17699432373
3,0.5943629248473075,712.0,104.14564871788025,12227.201234340668
4,0.46405709836645365,832.0,114.59947443008423,15304.93062877655
