epoch,training/train_loss_mean,evaluation/eval_return,evaluation/eval_time,time/total
0,0.8608881864740613,41.7,116.77922701835632,2673.7777078151703
1,0.703932326723842,79.3,195.64079642295837,5822.71657538414
2,0.5297439820450267,57.7,149.1816122531891,8931.868866920471
3,0.37267819819118325,102.6,265.6383991241455,12155.574125528336
4,0.2716725470771926,70.6,308.61916065216064,15535.956077337265
