epoch,training/train_loss_mean,evaluation/eval_return,evaluation/eval_time,time/total
0,0.8816826383822158,3417.5,54.405089139938354,3763.38911819458
1,0.5550828379084377,1992.5,50.40811777114868,7486.065536975861
2,0.3160173595714618,2592.5,46.87020206451416,11342.24140715599
3,0.20086382166184466,2275.0,45.69195103645325,15136.229236125946
4,0.1480359738560072,2957.5,44.56681704521179,18934.12432026863
