epoch,training/train_loss_mean,evaluation/eval_return,evaluation/eval_time,time/total
0,0.9254546102933289,25.7,89.25588893890381,1109.5173978805542
1,0.8450511170507331,19.7,76.02490592002869,2052.881838083267
2,0.8048064664174005,30.5,91.57947874069214,3307.1204841136932
3,0.7690071081065839,20.2,62.5997519493103,4530.018134832382
4,0.7393714874342252,59.1,111.11016249656677,5837.444138288498
