epoch,training/train_loss_mean,evaluation/eval_return,evaluation/eval_time,time/total
0,1.117435527586034,2931.5,39.308207511901855,916.5284321308136
1,1.0017373470347393,2922.5,62.3928542137146,1851.6201949119568
2,0.9257240297240391,2942.5,59.700522899627686,2790.615292787552
3,0.8429057862887973,2965.5,61.618082761764526,3728.014673948288
4,0.7730632819990296,2907.0,57.338990926742554,4653.739365339279
