epoch,training/train_loss_mean,evaluation/eval_return,evaluation/eval_time,time/total
0,1.1176894069206018,2915.5,67.76427721977234,1086.68053150177
1,1.0026373061577398,2822.0,97.17687964439392,2076.4667086601257
2,0.9265179170129731,2912.0,74.31692504882812,3043.94358420372
3,0.8442267601053205,2605.0,90.27038311958313,4341.276319503784
4,0.7752206605556922,2925.0,124.27815914154053,5664.155197381973
