epoch,training/train_loss_mean,evaluation/eval_return,evaluation/eval_time,time/total
0,1.1169814979285764,2989.0,376.52439546585083,1314.9485187530518
1,1.0018053257965627,2967.0,312.64800786972046,2554.7903649806976
2,0.9251767282537209,3334.5,384.2685670852661,3868.4250049591064
3,0.8418882544416488,3051.5,362.7414565086365,5181.175860643387
4,0.7716994538918488,3214.0,391.0717794895172,6502.209035396576
