epoch,training/train_loss_mean,evaluation/eval_return,evaluation/eval_time,time/total
0,1.1444532519661337,3731.5,91.60411953926086,3775.977382659912
1,0.6666503652388538,2960.5,101.44567060470581,7936.55228638649
2,0.45024174757023316,2949.5,123.36030125617981,12015.78474020958
3,0.333698352361055,2975.0,93.92218041419983,16236.62150478363
4,0.2637302875671397,2975.5,144.31671953201294,20368.031177043915
