epoch,training/train_loss_mean,evaluation/eval_return,evaluation/eval_time,time/total
0,1.0380545151148262,1857.5,37.85105919837952,932.2058520317078
1,0.9246969573512414,2562.5,47.995081424713135,1883.3050653934479
2,0.8759765762267606,2217.5,46.65896654129028,2864.1002402305603
3,0.8204085620667332,3305.0,47.0514178276062,3835.154596567154
4,0.7695674314225587,3927.5,45.70466494560242,4788.187153339386
