epoch,training/train_loss_mean,evaluation/eval_return,evaluation/eval_time,time/total
0,1.3713659313464481,895.5,103.89567041397095,676.3516697883606
1,1.2564606115054207,726.5,69.65688276290894,1272.1747488975525
2,1.1939732637351708,326.0,134.43609189987183,1933.3963418006897
3,1.138857979765934,857.0,84.94894194602966,2544.473292827606
4,1.093211862423525,773.5,86.32817649841309,3158.862116098404
