epoch,training/train_loss_mean,evaluation/eval_return,evaluation/eval_time,time/total
0,0.8409556810573865,42.2,143.30103731155396,2681.4652864933014
1,0.6881229049782233,107.1,139.44657921791077,5776.164939880371
2,0.5096551091379223,57.5,128.60016632080078,8972.826076030731
3,0.35874734204729825,108.1,171.73799753189087,12177.704050779343
4,0.2644058782979274,130.4,244.6296513080597,15382.869457244873
