epoch,training/train_loss_mean,evaluation/eval_return,evaluation/eval_time,time/total
0,1.6269985571000325,-19.7,95.71980285644531,1038.7437884807587
1,1.6129711304496719,-20.7,94.39297151565552,1980.6146042346954
2,1.607987514171776,-20.0,94.79015946388245,2918.7173726558685
3,1.6025020891958761,-20.1,97.02751278877258,4143.667931556702
4,1.5961917019549265,-20.5,89.36532211303711,5390.510434389114
