epoch,training/train_loss_mean,evaluation/eval_return,evaluation/eval_time,time/total
0,1.281103321266272,860.0,130.97111558914185,851.2212426662445
1,1.1752420469218656,710.0,111.90349245071411,1626.5412752628326
2,1.141745057479386,610.0,120.12889790534973,2409.6958742141724
3,1.1187219160362056,870.0,124.50262475013733,3197.278383255005
4,1.1002743537923818,1160.0,148.08457708358765,4009.018664121628
