epoch,training/train_loss_mean,evaluation/eval_return,evaluation/eval_time,time/total
0,1.0135643749727563,2725.0,52.8056857585907,957.200945854187
1,0.9371036071799307,1650.0,42.537999868392944,1909.6368999481201
2,0.9115769889056987,2340.0,46.11984944343567,2851.7268834114075
3,0.8896540724877325,4710.0,61.74669885635376,4024.796142101288
4,0.8712248328154261,3437.5,57.0128812789917,5292.176659107208
