epoch,training/train_loss_mean,evaluation/eval_return,evaluation/eval_time,time/total
0,1.4704313509722937,1390.0,82.07263779640198,893.8755776882172
1,1.3606940007014552,3130.0,116.71001601219177,1814.1668548583984
2,1.3285764349641673,6130.0,185.10785937309265,3133.366311788559
3,1.3034203623553993,7670.0,220.85305404663086,4457.031784057617
4,1.2821784877850309,6800.0,207.8087944984436,5758.872939825058
