epoch,training/train_loss_mean,evaluation/eval_return,evaluation/eval_time,time/total
0,1.2711837414406046,890.0,49.83464527130127,4020.992137670517
1,1.1439309819075492,1150.0,52.06831216812134,8207.460596561432
2,1.0777523562472353,700.0,46.9317090511322,12400.13033080101
3,1.0097987390882959,710.0,47.98406219482422,16586.12339568138
4,0.955191646974879,1020.0,53.2113094329834,20779.575408935547
