epoch,training/train_loss_mean,evaluation/eval_return,evaluation/eval_time,time/total
0,1.7586937069038773,595.0,52.95296597480774,881.6214044094086
1,1.606885371091056,791.0,61.72599172592163,1803.1741144657135
2,1.5013451647001987,797.0,58.395466327667236,2745.2958121299744
3,1.3860531237620781,1138.0,56.14000582695007,3725.3668382167816
4,1.2857287593849362,1033.0,69.03277087211609,4695.1954045295715
