epoch,training/train_loss_mean,evaluation/eval_return,evaluation/eval_time,time/total
0,1.0362244367660496,1207.5,39.062493324279785,978.4658105373383
1,0.9509520875089854,2297.5,45.81217551231384,1941.9259271621704
2,0.9215914160470757,2670.0,51.140562295913696,2907.110855579376
3,0.8969902443483152,2247.5,52.63392901420593,3854.1923747062683
4,0.8766713492884972,3785.0,58.85578012466431,5151.8201212883
