epoch,training/train_loss_mean,evaluation/eval_return,evaluation/eval_time,time/total
0,1.5425672467679792,170.0,91.40008020401001,1126.3947677612305
1,1.4437318466824909,740.0,126.19388699531555,2263.920360803604
2,1.4002218675955047,480.0,115.25931787490845,3395.511034965515
3,1.3612163557977004,1080.0,151.42364859580994,4749.472732782364
4,1.3284624911379546,1490.0,163.97460079193115,5958.259963750839
