epoch,training/train_loss_mean,evaluation/eval_return,evaluation/eval_time,time/total
0,0.982867678403244,2928.0,104.79550051689148,3116.805669784546
1,0.7174195811434764,2919.0,104.61212587356567,6241.801025629044
2,0.54045949579506,3317.5,113.04026484489441,9482.844244241714
3,0.4289555912193615,2912.5,162.6071536540985,12674.049957036972
4,0.3559038101924851,2985.0,171.7454490661621,15876.80517578125
