epoch,training/train_loss_mean,evaluation/eval_return,evaluation/eval_time,time/total
0,1.27514523603289,360.0,43.74526619911194,611.8656330108643
1,1.1845744064300794,830.0,48.91980957984924,1177.8942396640778
2,1.1578913101642379,790.0,43.39217281341553,1763.909120798111
3,1.1374094198889717,350.0,39.66467761993408,2320.8597943782806
4,1.1200896487509338,360.0,34.48934054374695,2897.665278673172
