epoch,training/train_loss_mean,evaluation/eval_return,evaluation/eval_time,time/total
0,1.5526443418330922,-12.5,227.97171473503113,2723.120923757553
1,1.3368567260057573,3.6,348.3012156486511,5989.415598392487
2,1.089920470089529,3.7,352.1565592288971,9326.17950630188
3,0.894399605618949,4.7,394.22213196754456,12683.741640806198
4,0.7615600675420766,7.0,350.1661503314972,15992.814504623413
