epoch,training/train_loss_mean,evaluation/eval_return,evaluation/eval_time,time/total
0,0.8415851846329688,53.1,127.0612862110138,3267.269065141678
1,0.6889706930623443,57.0,162.36937355995178,6509.285327672958
2,0.5124394832912372,82.7,233.59584045410156,9798.64339518547
3,0.36010141724876055,118.4,1560.2191359996796,14429.333520412445
epoch,training/train_loss_mean,evaluation/eval_return,evaluation/eval_time,time/total
0,0.8395131798017592,45.3,104.10689306259155,2950.370379924774
1,0.6848309624518606,135.0,194.78785800933838,6087.164492607117
2,0.5059817371097395,108.6,1144.8088593482971,10160.8171646595
