epoch,training/train_loss_mean,evaluation/eval_return,evaluation/eval_time,time/total
0,1.2827233152355362,500.0,41.068625688552856,599.1201074123383
1,1.191007037733814,340.0,40.337411642074585,1157.39022731781
2,1.1625157801497312,440.0,42.110904693603516,1716.7886555194855
3,1.142048775661687,400.0,40.98463153839111,2277.3471932411194
4,1.126346221782778,420.0,42.606677293777466,2837.9386591911316
