epoch,training/train_loss_mean,evaluation/eval_return,evaluation/eval_time,time/total
0,0.9268447437532975,1695.0,43.23693132400513,2981.80965924263
1,0.7587555948429332,2332.5,50.59223985671997,6126.635362625122
2,0.5821341502318551,3382.5,48.66030836105347,9269.16243839264
3,0.4288941953680299,3025.0,58.15795636177063,12488.137871980667
4,0.33210044830686547,4085.0,48.92852234840393,15617.192842245102
