epoch,training/train_loss_mean,evaluation/eval_return,evaluation/eval_time,time/total
0,1.3569380828277604,400.0,266.03507018089294,1303.0253739356995
1,1.2523721158809524,310.0,254.35210847854614,2502.1873228549957
2,1.203844118935791,410.0,252.15947222709656,3691.646045923233
3,1.1461755728526393,520.0,306.1295762062073,4930.737252235413
4,1.0888072501795563,350.0,275.73104763031006,6143.489091157913
