epoch,training/train_loss_mean,evaluation/eval_return,evaluation/eval_time,time/total
0,1.3338817336054152,1111.0,177.05287981033325,1142.8251492977142
1,1.2275996094106285,1682.0,226.52484250068665,2316.3953721523285
2,1.187690126493253,1612.0,215.6991355419159,3480.2061307430267
3,1.1592245749221732,1405.0,188.79788255691528,4938.991401672363
4,1.1370616599749641,1715.0,229.67512392997742,6225.037618637085
