epoch,training/train_loss_mean,evaluation/eval_return,evaluation/eval_time,time/total
0,1.3503374917968392,1240.0,115.20900344848633,1014.726809501648
1,1.2561474454683559,1460.0,107.90162014961243,2014.6890511512756
2,1.225705843986972,1050.0,100.80617475509644,3104.3421037197113
3,1.2021716163858787,1390.0,105.48247790336609,4365.634983301163
4,1.1812193121612378,1450.0,121.99013376235962,5677.1900634765625
