epoch,training/train_loss_mean,evaluation/eval_return,evaluation/eval_time,time/total
0,1.3492868483493614,510.0,38.04310655593872,922.5717716217041
1,1.2554704551809033,490.0,39.43643307685852,1824.7400887012482
2,1.2254548448623142,390.0,38.67586970329285,2729.4180495738983
3,1.2013752007191598,610.0,39.02768516540527,3778.3915271759033
4,1.1799748990162369,1040.0,44.26495027542114,5017.745611906052
