epoch,training/train_loss_mean,evaluation/eval_return,evaluation/eval_time,time/total
0,1.3485091542758376,550.0,97.1327109336853,1096.1052467823029
1,1.255699313223789,1460.0,140.3222827911377,2245.043277978897
2,1.2256420252877103,280.0,91.10866785049438,3342.613237142563
3,1.2010871393409697,310.0,93.94968485832214,4524.144658327103
4,1.179314836478404,250.0,83.87947702407837,5808.846702337265
