epoch,training/train_loss_mean,evaluation/eval_return,evaluation/eval_time,time/total
0,1.8965947390090723,-51.2,289.5508522987366,1150.6787204742432
1,1.790600516107944,-37.4,287.6442360877991,2282.345001935959
2,1.7051751860088555,-23.1,269.6027092933655,3379.242304801941
3,1.5944580636468613,-12.8,266.93129229545593,4479.632932424545
4,1.4964053531081063,-16.3,247.42969870567322,5561.558311462402
