epoch,training/train_loss_mean,evaluation/eval_return,evaluation/eval_time,time/total
0,1.352032549427622,1190.0,57.09483599662781,953.9352962970734
1,1.243503971439057,830.0,45.55230093002319,2018.7965676784515
2,1.19427185988353,780.0,46.22864866256714,3095.5188353061676
3,1.134817064235496,730.0,41.630011320114136,4164.032435417175
4,1.0778420761517395,1120.0,49.93138909339905,5297.309123516083
