epoch,training/train_loss_mean,evaluation/eval_return,evaluation/eval_time,time/total
0,1.5030690257633519,840.0,126.60899305343628,3841.596083879471
1,0.8964191740497954,838.0,120.32194542884827,8101.984678983688
2,0.554360709065849,804.0,117.31414747238159,12381.389199733734
3,0.38389237567637435,858.0,130.83152437210083,16604.5701007843
4,0.2903141979141475,738.0,108.30640935897827,20818.78289580345
