epoch,training/train_loss_mean,evaluation/eval_return,evaluation/eval_time,time/total
0,1.3146943371884043,1600.0,188.28015780448914,1096.4033389091492
1,1.1998256360130153,2800.0,220.03891324996948,2109.1831514835358
2,1.1569110616324745,5000.0,254.66525149345398,3173.3785429000854
3,1.12488949036525,5000.0,224.386376619339,4491.107100009918
4,1.1050436180104009,7700.0,225.07518196105957,5848.759080410004
