epoch,training/train_loss_mean,evaluation/eval_return,evaluation/eval_time,time/total
0,1.0252461970279503,2665.0,56.16422891616821,968.8825578689575
1,0.9465417058465425,4612.5,64.27175116539001,2038.6991097927094
2,0.9186030705607169,6427.5,84.99740314483643,3133.0133922100067
3,0.8943101644454984,5805.0,75.7165629863739,4388.404126405716
4,0.8736568583192699,6742.5,81.68321895599365,5685.959855794907
