epoch,training/train_loss_mean,evaluation/eval_return,evaluation/eval_time,time/total
0,1.2639438840298471,730.0,46.25958609580994,597.8769855499268
1,1.1634520462493936,710.0,46.67472958564758,1344.1817569732666
2,1.1167103172324697,800.0,51.05198264122009,2097.3392453193665
3,1.0598895651962277,590.0,43.901607513427734,2844.265072584152
4,1.005001967767122,380.0,40.49013566970825,3588.097822666168
