epoch,training/train_loss_mean,evaluation/eval_return,evaluation/eval_time,time/total
0,0.7703496273883599,102.5,191.78160905838013,6823.396482467651
1,0.4084142613612379,69.8,140.50190424919128,13659.197955608368
2,0.17678747307442422,83.3,175.78153157234192,20505.85702753067
3,0.09158256527129895,57.1,864.8344440460205,28047.37457895279
