epoch,training/train_loss_mean,evaluation/eval_return,evaluation/eval_time,time/total
0,1.3494456958258285,240.0,85.06504106521606,1053.6978905200958
1,1.259660136431242,370.0,81.69443607330322,2078.640906572342
2,1.2323681251541496,400.0,100.57967233657837,3114.140415430069
3,1.2097300947505596,390.0,94.67566871643066,4444.8445880413055
4,1.1902076445802086,200.0,85.07745742797852,5759.3476667404175
