epoch,training/train_loss_mean,evaluation/eval_return,evaluation/eval_time,time/total
0,1.305414389380413,3691.0,43.07797360420227,603.6001822948456
1,1.1822779015118414,5022.5,41.66574215888977,1165.275873184204
2,1.1297017879471443,4544.5,53.37002968788147,1739.1193749904633
3,1.0863956924653713,5153.0,134.45554995536804,2394.399498939514
4,1.0527801985872438,5767.0,57.52413368225098,2971.5253987312317
