epoch,training/train_loss_mean,evaluation/eval_return,evaluation/eval_time,time/total
0,1.7677227591784974,437.0,52.78337025642395,870.6426451206207
1,1.6652260780822534,685.0,57.290000677108765,1756.3493554592133
2,1.6042343740453495,859.0,58.8449912071228,2664.7903175354004
3,1.561350304614314,965.0,72.06598281860352,3679.8109180927277
4,1.5306499981709365,801.0,58.4496808052063,4763.637717723846
