epoch,training/train_loss_mean,evaluation/eval_return,evaluation/eval_time,time/total
0,0.8892094015281626,0.0,1419.9331777095795,4353.895786046982
1,0.5552570682974638,0.0,368.2223234176636,7648.368945360184
2,0.43053982679622943,0.0,3674.4503400325775,14356.301059484482
3,0.3423584775319175,0.0,1011.6567299365997,17978.540622234344
4,0.2822065484169747,0.0,755.1220614910126,21284.686211586
