epoch,training/train_loss_mean,evaluation/eval_return,evaluation/eval_time,time/total
0,1.5373145298535433,10.8,397.18765354156494,4452.112723350525
1,1.392037516487481,13.4,363.0511817932129,8593.120670318604
2,1.2638503458947936,6.4,549.9774060249329,12941.441603422165
3,1.1533813615731563,12.8,473.25321650505066,17552.943853139877
4,1.081932563264127,12.8,344.70301508903503,21695.70668745041
