epoch,training/train_loss_mean,evaluation/eval_return,evaluation/eval_time,time/total
0,1.3556452750305121,1710.0,108.36405968666077,3518.5908420085907
1,1.222233056411704,1910.0,128.2361602783203,6577.5969569683075
2,1.1353735458649432,1310.0,102.52204251289368,9596.851158618927
3,1.0396622862500895,1060.0,105.55343842506409,12621.234422683716
4,0.9671913972281824,920.0,103.45213985443115,15855.281661510468
