epoch,training/train_loss_mean,evaluation/eval_return,evaluation/eval_time,time/total
0,1.0094515149006158,4379.0,473.8965938091278,4911.173844099045
1,0.8830369586402553,7098.0,136.11845684051514,9641.971019983292
2,0.7988461748307263,5348.5,40.3844108581543,14282.269700527191
3,0.7268648437518556,6035.0,73.7993643283844,18710.445464372635
4,0.675407283958019,6379.5,41.145262479782104,23024.999386310577
