epoch,training/train_loss_mean,evaluation/eval_return,evaluation/eval_time,time/total
0,1.8222104417753073,310.0,59.64162516593933,903.1137595176697
1,1.6769987034822071,586.0,95.25754690170288,1831.5436806678772
2,1.612314857809424,460.0,75.62016320228577,2780.602638244629
3,1.564446733393225,714.0,103.2441565990448,3991.526446580887
4,1.5279572214416497,1084.0,161.70269131660461,5281.365609169006
