epoch,training/train_loss_mean,evaluation/eval_return,evaluation/eval_time,time/total
0,0.8048900003071691,397.5,31.341102600097656,7414.223992586136
1,0.37582871542296936,342.5,35.01883602142334,14771.114674568176
2,0.1704015585280894,567.5,43.20972561836243,22139.714969158173
3,0.10595503771967697,732.5,37.63851547241211,29629.20736026764
4,0.07783236166416499,525.0,43.59568953514099,37052.6425139904
