epoch,training/train_loss_mean,evaluation/eval_return,evaluation/eval_time,time/total
0,1.0056380020980034,3198.5,182.17662715911865,2931.0761609077454
1,0.7390440086249016,2998.5,156.03730416297913,6567.512513399124
2,0.5611794874781654,3242.5,87.43603038787842,10114.834548950195
3,0.4468682213770812,2989.5,106.04694604873657,13603.197758197784
4,0.3732720832304654,3028.0,116.17302703857422,17134.795537233353
