epoch,training/train_loss_mean,evaluation/eval_return,evaluation/eval_time,time/total
0,1.2484515657561654,830.0,151.60592031478882,3507.3113503456116
1,1.0128375183480005,980.0,151.88845324516296,7051.593789100647
2,0.7719135877113127,690.0,164.44860649108887,10608.65376496315
3,0.594004495551021,870.0,168.70591711997986,14153.875499010086
4,0.4833949184912141,1150.0,183.65521574020386,17716.883928775787
