epoch,training/train_loss_mean,evaluation/eval_return,evaluation/eval_time,time/total
0,1.5192889150325544,13.0,382.52475929260254,3280.9216783046722
1,1.2563475639589372,15.9,331.7400758266449,6573.549390554428
2,0.9894247683756058,12.6,388.74399995803833,9919.113018751144
3,0.7818192658031285,13.4,394.9012861251831,13421.36073589325
4,0.6460465354548316,15.3,335.1232624053955,16788.523924589157
