epoch,training/train_loss_mean,evaluation/eval_return,evaluation/eval_time,time/total
0,1.3489024425907292,510.0,296.4632248878479,1218.1673593521118
1,1.2407921237857706,550.0,268.37260031700134,2522.4843649864197
2,1.1910982043496663,590.0,279.6831579208374,3880.6885254383087
3,1.1300348791397703,420.0,261.0060935020447,5227.924372673035
4,1.0711795044653003,670.0,328.48366141319275,6777.313121795654
