epoch,training/train_loss_mean,evaluation/eval_return,evaluation/eval_time,time/total
0,0.9039113818225772,1622.5,42.7410409450531,4127.9545958042145
1,0.604117414811545,2982.5,56.99502921104431,8310.130878210068
2,0.3596899538270889,2160.0,45.277820348739624,12430.584715604782
3,0.22561177089467027,2320.0,54.10633063316345,16656.165640830994
4,0.16205584382589694,1995.0,56.66291809082031,20884.035771608353
