epoch,training/train_loss_mean,evaluation/eval_return,evaluation/eval_time,time/total
0,1.0016881461272897,3040.5,75.10610365867615,1902.3702161312103
1,0.7315568075202028,3057.5,80.55279898643494,4131.867687225342
2,0.5512007292697689,3030.0,75.21555161476135,6368.354005098343
3,0.43758627447298226,3205.5,82.56686067581177,8017.037096977234
4,0.364626007359637,3058.0,80.83033394813538,9654.247089862823
