epoch,training/train_loss_mean,evaluation/eval_return,evaluation/eval_time,time/total
0,1.4928043030789588,1030.0,92.45682835578918,1026.4526586532593
1,1.3705783001964142,200.0,59.864487648010254,1923.8908562660217
2,1.3379490560372507,1130.0,81.69034910202026,2852.15905213356
3,1.313873342811268,940.0,76.1836805343628,4015.419414997101
4,1.2958335168774078,800.0,71.44130969047546,4940.967861175537
