epoch,training/train_loss_mean,evaluation/eval_return,evaluation/eval_time,time/total
0,1.4132548640181855,3605.0,76.08028960227966,979.606513261795
1,1.2584445366717898,3459.5,103.98975086212158,2012.1642503738403
2,1.1562499513157558,2990.0,103.4964189529419,3349.011245727539
3,1.050762668724802,3207.5,107.50973606109619,4665.572883844376
4,0.9651346848772394,3328.0,116.43995094299316,6018.088828802109
