epoch,training/train_loss_mean,evaluation/eval_return,evaluation/eval_time,time/total
0,1.3624280205524566,3700.0,169.41465306282043,1136.7096054553986
1,1.2629390464468402,2400.0,177.27870321273804,2139.879020214081
2,1.2016446159098264,3900.0,163.67579913139343,3448.3984413146973
3,1.169812902609914,2800.0,117.06416034698486,4720.969336271286
4,1.1470044078028923,4000.0,132.4035177230835,6025.484776496887
