epoch,training/train_loss_mean,evaluation/eval_return,evaluation/eval_time,time/total
0,1.2834942832215286,5287.5,149.44723343849182,4433.036541938782
1,1.1073720097175574,5820.0,413.0260753631592,8641.868089675903
2,0.9811117954578878,2974.5,239.93992447853088,12661.306106090546
3,0.8733443378242418,3407.0,824.6554498672485,17345.668041229248
4,0.7993062887811929,4831.5,993.586841583252,22136.896547079086
