epoch,training/train_loss_mean,evaluation/eval_return,evaluation/eval_time,time/total
0,1.4900671379715051,17.0,104.70818257331848,944.3744103908539
1,1.358154207437529,12.0,135.55926179885864,1906.3801457881927
2,1.3273837726216233,11.0,206.1744577884674,3241.4749643802643
3,1.3007303067581193,15.0,178.0469615459442,4596.162096261978
4,1.2771390050253093,13.0,239.336998462677,5966.355136632919
