epoch,training/train_loss_mean,evaluation/eval_return,evaluation/eval_time,time/total
0,1.3932740762143443,529.0,64.37884831428528,646.7880682945251
1,1.287118998038732,283.0,98.90286803245544,1692.6601145267487
2,1.2344703006280726,720.0,105.30487084388733,2351.427311182022
3,1.1967792285257377,701.0,106.16012978553772,2983.0115225315094
4,1.1681398421129405,845.5,218.4459364414215,3745.002296924591
