epoch,training/train_loss_mean,evaluation/eval_return,evaluation/eval_time,time/total
0,1.2515902603765177,1740.0,114.8113796710968,4242.955998659134
1,0.7862782276903613,1410.0,128.40737175941467,8362.181685447693
2,0.4923997273124064,1750.0,127.56670475006104,12518.494720458984
3,0.33388592724731747,1200.0,107.94921708106995,16643.872969150543
4,0.2495860090575582,1600.0,117.60133838653564,20775.840468406677
