epoch,training/train_loss_mean,evaluation/eval_return,evaluation/eval_time,time/total
0,1.6917300106498807,636.0,98.76445960998535,3076.183648586273
1,1.5282346664546882,694.0,98.66224241256714,5764.41539311409
2,1.424703741036985,900.0,108.0473883152008,8478.18401002884
3,1.322342679064761,916.0,102.80260944366455,11496.979093074799
4,1.2444698695213563,770.0,89.1787519454956,14461.141851186752
