epoch,training/train_loss_mean,evaluation/eval_return,time/total
0,0.9316821093452001,1150.0,1268.4764032363892
1,0.8465412473020378,967.5,2536.3011412620544
2,0.8038010704797713,1200.0,3812.584195137024
3,0.7611208211912456,1687.5,5096.300124406815
4,0.7257600410828073,862.5,6535.9916117191315
