epoch,training/train_loss_mean,evaluation/eval_return,evaluation/eval_time,time/total
0,1.3965706414673686,876.5,57.54094386100769,618.7261781692505
1,1.2711406332443533,751.5,133.42429041862488,1689.8294823169708
2,1.2044242093360533,778.5,81.18546390533447,2289.7145495414734
3,1.1457969699447694,467.0,102.78467988967896,2909.859726667404
4,1.0978065174885148,1077.5,106.18609237670898,3580.149226665497
