epoch,training/train_loss_mean,evaluation/eval_return,evaluation/eval_time,time/total
0,0.8351440311271718,47.7,151.88613891601562,3300.739445209503
1,0.5861337903488372,46.7,175.96396446228027,6604.516001701355
2,0.3456622151704672,75.8,166.74908542633057,9935.98310470581
3,0.1979919275792513,56.8,3804.174421310425,17046.18683552742
4,0.1267433844418997,51.6,3712.1489684581757,24036.587344169617
