epoch,training/train_loss_mean,evaluation/eval_return,evaluation/eval_time,time/total
0,1.1177567465034453,3003.5,79.3916597366333,973.386923789978
1,1.0024489843064468,2990.5,64.52256417274475,2075.1025676727295
2,0.9263218273708984,2935.0,32.14996314048767,3120.7345032691956
3,0.843823499512404,2849.5,53.12148118019104,4185.228318691254
4,0.7746200126232607,3032.0,61.58268690109253,5286.056654691696
