epoch,training/train_loss_mean,evaluation/eval_return,evaluation/eval_time,time/total
0,0.7884315166086401,0.0,2149.896831512451,5020.945126533508
1,0.34649321265209654,0.0,202.9092698097229,7773.110748052597
2,0.2136020389386952,0.0,118.96865582466125,10389.017112970352
3,0.14248312196011917,0.0,653.6706118583679,13540.720461845398
4,0.10051402127245299,0.0,1721.7336530685425,17758.746255636215
