epoch,training/train_loss_mean,evaluation/eval_return,evaluation/eval_time,time/total
0,0.9029556045883812,1352.5,42.59407019615173,4233.150744438171
1,0.7990863580796514,2267.5,50.858659744262695,8470.779570102692
2,0.7373645637380851,505.0,41.10343027114868,12755.461843013763
3,0.6745961836162007,1080.0,54.66466498374939,16998.284442424774
4,0.6256097687004898,852.5,44.78045105934143,20912.54096841812
