epoch,training/train_loss_mean,evaluation/eval_return,evaluation/eval_time,time/total
0,0.9351277306210488,850.0,38.10062885284424,2546.1968636512756
1,0.847581410218799,3392.5,58.7908296585083,5487.914566278458
2,0.805629485702124,3560.0,61.6919641494751,8465.710644960403
3,0.7645217117076645,1182.5,44.96436405181885,11347.885082483292
4,0.7307059751738662,2590.0,61.61981153488159,13938.244730234146
