epoch,training/train_loss_mean,evaluation/eval_return,evaluation/eval_time,time/total
0,0.9344299805207065,1602.5,43.827261447906494,2650.8700058460236
1,0.7542296561960434,1230.0,50.028916120529175,5799.286643028259
2,0.5672956206862034,925.0,50.07801675796509,8973.65802359581
3,0.4156298203707596,1105.0,41.58080816268921,12211.068845272064
4,0.3214335017367869,717.5,53.819387674331665,15381.624785661697
