epoch,training/train_loss_mean,evaluation/eval_return,evaluation/eval_time,time/total
0,1.0705283871082591,560.0,39.40572190284729,870.0591142177582
1,0.947914225601247,2645.0,45.244102478027344,1747.9620127677917
2,0.9037243574400153,2675.0,54.70074105262756,2630.6546669006348
3,0.8529809271056918,3620.0,44.70684790611267,3501.8723521232605
4,0.804454335582537,3362.5,50.290812730789185,4378.102033376694
