epoch,training/train_loss_mean,evaluation/eval_return,evaluation/eval_time,time/total
0,1.060749004147203,4574.0,73.2875394821167,1646.6615674495697
1,0.9603833814675663,3943.5,220.28381323814392,4012.312515974045
2,0.8975956903563606,4115.0,77.7316222190857,6316.249178409576
3,0.8395983025591861,4767.0,51.29083514213562,8674.837065696716
4,0.7963144785309229,3994.5,99.27894282341003,11114.850917100906
