epoch,training/train_loss_mean,evaluation/eval_return,evaluation/eval_time,time/total
0,1.4520313532350007,5.0,84.17491555213928,898.7961812019348
1,1.2834594199088847,18.0,66.65455198287964,1805.2340688705444
2,1.215373102754751,8.0,111.58781027793884,2737.8946402072906
3,1.1338830567675213,8.0,117.09311556816101,3703.480893135071
4,1.0616936112316506,13.0,93.89282250404358,4900.467343330383
