epoch,training/train_loss_mean,evaluation/eval_return,evaluation/eval_time,time/total
0,1.12604840781574,3848.0,657.4864468574524,1620.561022758484
1,1.0367395251897853,5264.0,957.3208696842194,3689.1860496997833
2,1.000491237780699,5932.0,1176.9995429515839,5784.521810054779
3,0.9675031820180594,5391.0,1004.1774203777313,7933.785924196243
4,0.940058811233134,5103.0,963.5115256309509,9822.803424835205
