epoch,training/train_loss_mean,evaluation/eval_return,evaluation/eval_time,time/total
0,1.3856474032421562,30.0,62.99982571601868,944.2775146961212
1,1.2846899800681286,901.5,98.34377765655518,1756.7460479736328
2,1.2361648774561886,432.5,68.64604592323303,2540.817750453949
3,1.1981718768970993,478.0,99.16350364685059,3353.7033138275146
4,1.168115307267149,580.5,126.43091869354248,4197.56276345253
