epoch,training/train_loss_mean,evaluation/eval_return,evaluation/eval_time,time/total
0,1.2537513247710645,400.0,82.02837705612183,3875.6409854888916
1,0.7811135909707498,310.0,75.4168164730072,7779.485146999359
2,0.4949131859795472,240.0,80.31300950050354,11875.432089805603
3,0.34158720948179744,540.0,73.3568024635315,15893.909079551697
4,0.25820868682446263,300.0,68.79219222068787,19795.93015909195
