epoch,training/train_loss_mean,evaluation/eval_return,evaluation/eval_time,time/total
0,1.2416090129646227,3002.0,72.5520031452179,3028.3752641677856
1,0.8735781574761996,3293.5,97.05680513381958,5713.421562671661
2,0.6354593914469511,3020.5,103.09392070770264,8733.826391935349
3,0.4874595859327868,2960.5,43.888702154159546,11796.613157749176
4,0.3972015058115331,3006.5,55.802213191986084,14823.067086935043
