epoch,training/train_loss_mean,evaluation/eval_return,evaluation/eval_time,time/total
0,1.137553063742702,2987.0,73.60179710388184,1070.6818516254425
1,1.0253856480121613,2987.5,163.46061301231384,2127.5726137161255
2,0.9529575817172579,2987.5,68.99831986427307,3103.7344954013824
3,0.8765728946168933,2942.0,123.10994577407837,4130.179331064224
4,0.8123528732858148,2732.0,83.79709672927856,5405.895212650299
