epoch,training/train_loss_mean,evaluation/eval_return,evaluation/eval_time,time/total
0,1.5391932780813415,1600.0,37.307114601135254,872.9631850719452
1,1.3773279574412773,2110.0,34.771297454833984,1877.0047516822815
2,1.28185804644285,1890.0,33.5675094127655,2875.6410071849823
3,1.1717052942593729,2620.0,50.81186056137085,3900.754011631012
4,1.0786500305638953,2580.0,37.20620059967041,4923.349632978439
