epoch,training/train_loss_mean,evaluation/eval_return,time/total
0,0.9312220523890016,3315.0,1285.4081132411957
1,0.7382061944366163,3235.0,2555.3589487075806
2,0.5410756501986772,3585.0,3970.8434331417084
3,0.3889149714165484,3310.0,5246.379829645157
4,0.29598823628579496,3622.5,6649.3546369075775
