epoch,training/train_loss_mean,evaluation/eval_return,evaluation/eval_time,time/total
0,1.3849873990201975,1440.0,86.85192155838013,2991.060629606247
1,1.2627220659212033,1630.0,98.61817741394043,5642.515213251114
2,1.2075838899832168,1850.0,83.42570972442627,8726.515537023544
3,1.1487380841787938,1930.0,100.21375632286072,11481.230027914047
4,1.0999231483773946,1860.0,102.18121433258057,14210.493055820465
