epoch,training/train_loss_mean,evaluation/eval_return,evaluation/eval_time,time/total
0,1.3485898734237178,920.0,106.1410162448883,1023.7007999420166
1,1.2601556951521362,1200.0,99.9681978225708,1990.1347062587738
2,1.2326099787788234,620.0,75.07910060882568,2956.7854890823364
3,1.2100220476958745,1080.0,79.33778595924377,4023.4289009571075
4,1.19025169430394,1080.0,89.57256412506104,5278.728088855743
