epoch,training/train_loss_mean,evaluation/eval_return,evaluation/eval_time,time/total
0,0.7957862443061637,2167.5,49.302348613739014,7196.881075143814
1,0.33177369978034593,1917.5,40.767836809158325,14891.557078123093
2,0.15040736356139428,440.0,33.75925374031067,22529.534564256668
3,0.09484671148257788,1762.5,41.604077100753784,30303.990708351135
4,0.06938744219760487,1175.0,38.5322048664093,38070.68657827377
