epoch,training/train_loss_mean,evaluation/eval_return,time/total
0,0.9142364463430022,850.0,1265.1872870922089
1,0.7123891329643988,927.5,2602.0782454013824
2,0.5185270721675785,737.5,3965.308197259903
3,0.37949799822486996,530.0,5232.378266572952
4,0.2947782147855856,405.0,6568.559938430786
