epoch,training/train_loss_mean,evaluation/eval_return,evaluation/eval_time,time/total
0,0.9876747306529766,3341.5,95.94561910629272,3265.533783197403
1,0.7434946594333502,2966.0,95.28610897064209,6555.121989488602
2,0.5695315542064809,2890.5,60.03203821182251,9842.687732934952
3,0.4543801146596136,3284.5,42.04265308380127,13082.571380376816
4,0.3786421721706742,2753.5,58.32972693443298,16379.663261890411
