epoch,training/train_loss_mean,evaluation/eval_return,evaluation/eval_time,time/total
0,1.3483909708328599,770.0,43.35938096046448,939.3440074920654
1,1.2292102164109384,500.0,45.50459599494934,1912.3249969482422
2,1.1731845655058155,670.0,47.55079746246338,2865.604325771332
3,1.1045035421848297,830.0,53.01549315452576,3829.239464521408
4,1.0385951439763286,410.0,42.290138244628906,4765.868151664734
