epoch,training/train_loss_mean,evaluation/eval_return,evaluation/eval_time,time/total
0,1.3594018595070945,810.0,91.50211787223816,4070.545554637909
1,1.2192051161025281,1230.0,108.32611608505249,8221.079404354095
2,1.1290382729147985,1130.0,106.63912034034729,12347.116440534592
3,1.0312300137965666,990.0,92.32730460166931,16443.625553369522
4,0.9593732206258662,700.0,87.56210136413574,20736.105059862137
