epoch,training/train_loss_mean,evaluation/eval_return,evaluation/eval_time,time/total
0,1.5957697754448277,640.0,110.02038359642029,3027.205804347992
1,1.178376354929489,1132.0,167.4291479587555,6201.539718389511
2,0.8353033378010705,1010.0,145.43625473976135,9361.352556467056
3,0.6117362959593672,1166.0,155.55188989639282,12485.231470108032
4,0.482315962963451,952.0,131.40663075447083,15579.986307144165
