epoch,training/train_loss_mean,evaluation/eval_return,time/total
0,1.3365469113640163,0.6,54.9225435256958
1,1.1037018076233243,0.5,105.99666285514832
