epoch,training/train_loss_mean,evaluation/eval_return,evaluation/eval_time,time/total
0,0.9235539440918262,2907.5,44.18780565261841,3116.578012228012
1,0.7297085464702651,3267.5,42.79727029800415,6197.847015619278
2,0.5295869546155104,3505.0,44.473090171813965,9286.440006494522
3,0.3772231376421372,4002.5,41.82366633415222,12386.38235282898
4,0.2862634337748006,3240.0,43.81669306755066,15048.591507673264
