epoch,training/train_loss_mean,evaluation/eval_return,evaluation/eval_time,time/total
0,1.058927171638057,3863.0,72.16746234893799,2833.3433754444122
1,0.9592288671489624,3485.0,92.58588290214539,5737.19793343544
2,0.8962018156564364,4058.0,41.77756643295288,8965.845872879028
3,0.8383858003374618,4092.0,69.46743059158325,12204.849111795425
4,0.7947026767672115,3241.5,106.80501532554626,15544.74682545662
