epoch,training/train_loss_mean,evaluation/eval_return,evaluation/eval_time,time/total
0,1.31851647820175,3100.0,120.07993721961975,948.6248073577881
1,1.171585599088254,4400.0,186.7966763973236,2087.365966796875
2,1.1063681385778235,3200.0,149.75436735153198,3187.465523004532
3,1.0370476764446637,4900.0,141.53965663909912,4290.803273200989
4,0.9730898658139678,4600.0,135.14250826835632,5406.870340824127
