epoch,training/train_loss_mean,evaluation/eval_return,evaluation/eval_time,time/total
0,1.3570243550298646,810.0,61.38050079345703,959.9322571754456
1,1.2431630913774456,1210.0,53.301334857940674,1954.6659729480743
2,1.1913136151698376,900.0,45.80629324913025,2943.2018995285034
3,1.1278148137315147,1030.0,55.25798797607422,3933.85840344429
4,1.065020081757767,960.0,54.48916172981262,4945.529273748398
