epoch,training/train_loss_mean,evaluation/eval_return,evaluation/eval_time,time/total
0,1.1583304906391683,2972.5,46.31199240684509,954.1609740257263
1,1.076868578227296,3017.5,59.20463585853577,1901.6466035842896
2,1.0417279915897482,3021.5,31.160014629364014,2826.8871564865112
3,1.0102345553000849,3012.0,69.07322812080383,3797.219732761383
4,0.9842086684496401,3020.5,46.678709268569946,4850.994984865189
