epoch,training/train_loss_mean,evaluation/eval_return,evaluation/eval_time,time/total
0,1.1583467045057272,4577.0,33.41997790336609,901.8238489627838
1,1.0756590991693729,5623.5,33.93540811538696,1900.2406222820282
2,1.0391140344992142,6233.5,41.176283836364746,2902.818924188614
3,1.0063299742606426,4271.0,108.51591467857361,3928.7981975078583
4,0.979437034657204,5317.0,67.35793590545654,5163.341146230698
