epoch,training/train_loss_mean,evaluation/eval_return,evaluation/eval_time,time/total
0,0.9126102486696844,2960.0,43.141031980514526,2921.944030046463
1,0.6940815489657158,3300.0,46.93536710739136,5843.804128885269
2,0.49682888323016733,3255.0,48.3798189163208,8846.822059631348
3,0.3558471372538936,2997.5,48.02747297286987,11870.120728969574
4,0.2727027150892442,3580.0,48.488041639328,14885.289676427841
