epoch,training/train_loss_mean,evaluation/eval_return,evaluation/eval_time,time/total
0,1.2448969249290744,1350.0,97.47773599624634,4149.750116825104
1,0.7749170757414314,1400.0,97.43628191947937,8006.1647708415985
2,0.49187683122193454,1490.0,100.61415481567383,11867.414609193802
3,0.33682378987684897,1640.0,97.72056746482849,15783.084064483643
4,0.2502578437114702,1420.0,94.52746057510376,19713.09638261795
