epoch,training/train_loss_mean,evaluation/eval_return,evaluation/eval_time,time/total
0,1.5735702711703712,300.0,17.245285987854004,909.5414726734161
1,1.4361365884694985,620.0,17.647905826568604,1769.9075043201447
2,1.389985581076377,1410.0,22.76754927635193,2649.9336059093475
3,1.3539405005127039,700.0,16.324836015701294,3519.748246192932
4,1.3242488727354833,910.0,20.345851182937622,4520.709252119064
