epoch,training/train_loss_mean,evaluation/eval_return,evaluation/eval_time,time/total
0,1.4535996599109537,7781.0,109.86264681816101,1012.0830199718475
1,1.3306259329877832,9564.0,92.59867477416992,1951.504977941513
2,1.2745063155431953,9659.0,173.14523792266846,3363.405700445175
3,1.2280200143919509,10490.5,136.31447792053223,4536.102293968201
4,1.1901399991651396,11889.5,212.5160481929779,5786.669244527817
