epoch,training/train_loss_mean,evaluation/eval_return,evaluation/eval_time,time/total
0,1.897473457952849,-42.4,291.58896470069885,1138.1809091567993
1,1.7878531837414573,-14.7,282.1881809234619,2376.1265947818756
2,1.6948711237009375,-12.8,273.2030429840088,3613.2736163139343
3,1.5768105358403928,-15.2,300.02171564102173,4883.759658575058
4,1.4716043511945125,-16.2,262.4795069694519,6138.0976803302765
