epoch,training/train_loss_mean,evaluation/eval_return,evaluation/eval_time,time/total
0,1.4742825972021174,5000.0,143.05888772010803,983.6108934879303
1,1.3624052338858832,4500.0,140.90489387512207,1923.6569166183472
2,1.3311208382843704,7750.0,240.32474660873413,2974.6112718582153
3,1.3065263723521785,6520.0,214.65470385551453,4292.907710552216
4,1.2860940551440572,6000.0,196.80177688598633,5590.206967592239
