epoch,training/train_loss_mean,evaluation/eval_return,evaluation/eval_time,time/total
0,1.3151313648795202,9141.5,92.67558264732361,2628.7379405498505
1,1.1747127050506232,8330.5,117.5121500492096,5702.509822368622
2,1.0884369722831206,8543.5,200.65686631202698,8950.686438083649
3,1.007728135652928,7562.5,162.37176060676575,12124.944734096527
4,0.9465657453383168,9050.5,230.57016134262085,15383.316408872604
