epoch,training/train_loss_mean,evaluation/eval_return,evaluation/eval_time,time/total
0,1.2346404684114602,1180.0,138.29611778259277,847.6527309417725
1,1.1398640542825877,1110.0,144.3796865940094,1715.1348354816437
2,1.098679534854518,1110.0,153.69498324394226,2588.9768698215485
3,1.0603183606751987,730.0,135.11232495307922,3445.1411011219025
4,1.0235286467578053,1040.0,150.84369587898254,4320.789936065674
