epoch,training/train_loss_mean,evaluation/eval_return,time/total
0,0.9273527734484409,2630.0,1265.1220469474792
1,0.7281407396059583,2962.5,2612.527003765106
2,0.5261356758833663,3265.0,4059.6354184150696
3,0.37547614202969887,3587.5,5652.041575670242
4,0.2857141142486307,3327.5,7133.653760910034
