epoch,training/train_loss_mean,evaluation/eval_return,evaluation/eval_time,time/total
0,1.3087569697356138,6505.0,164.27607321739197,2738.646689414978
1,1.1654831838803112,7772.0,151.7707850933075,5556.9768714904785
2,1.075063964768794,6221.0,377.83483362197876,8623.567180871964
3,0.9914109955918038,6168.5,138.64959573745728,11806.881165504456
4,0.929264440056732,3769.0,251.74954986572266,15047.0670773983
