epoch,training/train_loss_mean,evaluation/eval_return,evaluation/eval_time,time/total
0,1.1942293575892862,2871.0,62.758294105529785,3164.9860384464264
1,0.8412525446306298,2985.0,91.84919834136963,5848.978054761887
2,0.6204063126324264,2972.5,92.77825999259949,8584.553534030914
3,0.4849424676838986,3023.5,54.9548499584198,11262.231051921844
4,0.4010934454321678,3158.0,135.15396881103516,14003.575103998184
