epoch,training/train_loss_mean,evaluation/eval_return,evaluation/eval_time,time/total
0,1.1942293575892862,2871.0,62.758294105529785,3164.9860384464264
1,0.8412525446306298,2985.0,91.84919834136963,5848.978054761887
