epoch,training/train_loss_mean,evaluation/eval_return,evaluation/eval_time,time/total
0,0.9410398159647256,390.0,26.729212522506714,3004.2383193969727
1,0.8487819395673256,372.5,33.379133462905884,5976.332506895065
2,0.8031620246229938,697.5,27.26687788963318,8662.860442876816
3,0.7562534937904971,282.5,32.59005689620972,11787.227550983429
4,0.7176086938631455,397.5,34.37858819961548,14490.260906219482
