epoch,training/train_loss_mean,evaluation/eval_return,evaluation/eval_time,time/total
0,1.5559898484870218,-4.5,392.819552898407,2739.28875541687
1,1.4395570222133864,11.5,416.0825891494751,6155.986464977264
2,1.3585440911089404,10.5,444.6974036693573,9525.684128522873
3,1.2808336450451774,13.7,403.28706979751587,12898.997687578201
4,1.223465594644737,17.3,303.52264165878296,16209.442294597626
