epoch,training/train_loss_mean,evaluation/eval_return,evaluation/eval_time,time/total
0,0.8875315244296729,54.0,126.48022794723511,2994.279990196228
1,0.7823885894102496,34.9,119.28090381622314,6012.522617101669
2,0.7089766745865193,27.2,92.47772741317749,9008.081290006638
3,0.6398217487017802,36.4,97.48002815246582,12045.40767621994
4,0.5867757434974373,33.9,112.4855842590332,15064.239847421646
