epoch,training/train_loss_mean,evaluation/eval_return,evaluation/eval_time,time/total
0,0.9202113242451951,28.2,79.22670412063599,905.3685712814331
1,0.8295599093151678,65.7,112.46342277526855,1848.6502048969269
2,0.7710097339404642,98.0,214.05563020706177,2893.890207052231
3,0.7092230290693051,73.6,147.59707117080688,3973.9135370254517
4,0.6540570645273769,68.0,136.69576120376587,5045.3815059661865
