epoch,training/train_loss_mean,evaluation/eval_return,evaluation/eval_time,time/total
0,1.3526698107790192,610.0,102.40050506591797,992.9313201904297
1,1.2395939154049025,270.0,86.96438407897949,1965.8518466949463
2,1.1868948971236863,370.0,91.76993751525879,2953.364383459091
3,1.1210188007281527,630.0,101.53402495384216,3949.6421105861664
4,1.0562860932174456,420.0,90.59671568870544,4948.25360918045
