epoch,training/train_loss_mean,evaluation/eval_return,evaluation/eval_time,time/total
0,1.3586143164332105,430.0,41.25247120857239,929.9181244373322
1,1.2401739303384858,510.0,45.73962187767029,1855.775518655777
2,1.1873357797474309,560.0,44.635499715805054,2788.127199649811
3,1.1233329214727623,270.0,39.80245518684387,3709.393675327301
4,1.06161676669072,510.0,39.84725332260132,4618.805047035217
