epoch,training/train_loss_mean,evaluation/eval_return,evaluation/eval_time,time/total
0,1.288961224841632,660.0,43.633113622665405,2791.8387579917908
1,1.17819802179986,690.0,41.40457057952881,5593.531508684158
2,1.135441480571651,370.0,41.406288623809814,8443.065294742584
3,1.0929526160816871,270.0,32.37907314300537,11287.21092057228
4,1.0575095197205902,240.0,38.289249658584595,14595.07770705223
