epoch,training/train_loss_mean,evaluation/eval_return,evaluation/eval_time,time/total
0,1.1657956930119526,342.5,50.891072511672974,1054.0794014930725
1,1.0631297323757454,385.0,50.35424613952637,1986.536164522171
2,1.0063682752475525,349.5,51.20324778556824,2935.263713121414
3,0.9522839610749891,453.0,56.902570962905884,3888.1696026325226
4,0.9072917768752685,576.5,79.74238204956055,5169.4678819179535
