epoch,training/train_loss_mean,evaluation/eval_return,evaluation/eval_time,time/total
0,1.0095897533621352,4733.5,48.89461302757263,4263.247496843338
1,0.883681574877384,4045.0,96.05185914039612,8628.684920549393
2,0.7981137202387887,3044.5,203.79626512527466,13136.36475610733
3,0.7263809330513461,2802.0,371.14472675323486,17997.58847808838
4,0.6754461172844164,3337.5,305.995765209198,22564.242324352264
