epoch,training/train_loss_mean,evaluation/eval_return,evaluation/eval_time,time/total
0,1.031635973324185,887.5,41.86391830444336,895.298171043396
1,0.952206835379498,1140.0,36.8086941242218,1812.3408570289612
2,0.9233359653605654,2647.5,53.18640112876892,2750.6882219314575
3,0.8972183109366906,2282.5,56.712209701538086,3693.3598642349243
4,0.8760509130410553,1120.0,35.02729630470276,4873.246730089188
