epoch,training/train_loss_mean,evaluation/eval_return,evaluation/eval_time,time/total
0,0.7737212778664515,62.7,321.3545391559601,8785.947047472
1,0.3947575161783177,78.6,456.197092294693,17950.94057416916
2,0.16373515912316372,61.1,465.94226002693176,26924.80620932579
3,0.08614707977480454,107.1,513.2992813587189,36056.61170768738
4,0.056961609401785934,59.6,9406.719402551651,54134.16953420639
