epoch,training/train_loss_mean,evaluation/eval_return,evaluation/eval_time,time/total
0,1.4514336644566046,1810.0,104.13826704025269,921.7493236064911
1,1.3186372092704812,2290.0,108.30641317367554,1863.4109675884247
2,1.245394651147946,1990.0,109.76208972930908,2802.0133006572723
3,1.155004545390423,1760.0,99.82085156440735,4014.6298112869263
4,1.0740104569932456,1530.0,90.69536209106445,5219.365319490433
