epoch,training/train_loss_mean,evaluation/eval_return,evaluation/eval_time,time/total
0,1.3595459445350124,490.0,92.62769532203674,974.7532954216003
1,1.2642115445134583,640.0,102.08365440368652,2066.764919757843
2,1.2364211636409546,520.0,91.26069259643555,3185.9137217998505
3,1.214645326747621,320.0,92.00798559188843,4367.554383516312
4,1.1962431152803994,320.0,81.36534070968628,5536.781383037567
