epoch,training/train_loss_mean,evaluation/eval_return,time/total
0,0.8569815979882099,30.5,1374.7090055942535
1,0.7153937203336161,70.9,2808.685279607773
2,0.5401884190235448,57.1,4234.186311483383
3,0.38444973793748305,61.6,5687.159208059311
4,0.287321106438586,56.7,7163.575842618942
