epoch,training/train_loss_mean,evaluation/eval_return,evaluation/eval_time,time/total
0,1.115714515365866,2941.5,64.22612071037292,1102.4640851020813
1,1.0066426294334347,2955.0,36.67242383956909,2160.0294647216797
2,0.9427488862003982,2897.0,35.253841400146484,3227.440974712372
3,0.8733600236193306,2903.0,35.48375487327576,4264.458664655685
4,0.8143415364113654,2901.5,55.23521327972412,5613.943838119507
