epoch,training/train_loss_mean,evaluation/eval_return,evaluation/eval_time,time/total
0,1.1152737201968381,3028.0,43.59592056274414,935.8799264431
1,1.0052661347901688,3036.0,35.15771961212158,1876.6352405548096
2,0.9400351864410642,2971.0,47.028600454330444,2841.0088288784027
3,0.8695663455625884,3039.5,47.307408571243286,4095.2814807891846
4,0.8103846304248274,3384.5,45.500032901763916,5379.874487161636
