epoch,training/train_loss_mean,evaluation/eval_return,evaluation/eval_time,time/total
0,1.1485867886789745,2662.0,105.52273488044739,669.6624422073364
1,1.028933637583878,2963.5,75.70204257965088,1271.9822778701782
2,0.9500592627020185,2841.5,78.78554391860962,1940.569679260254
3,0.8657907690155103,2872.5,44.311466693878174,2537.8200488090515
4,0.7952615181279646,2884.0,49.30761647224426,3132.3360452651978
