epoch,training/train_loss_mean,evaluation/eval_return,evaluation/eval_time,time/total
0,1.5104414651679408,1250.0,101.33663964271545,1099.1941740512848
1,1.351355179793515,580.0,87.61121487617493,2075.8117740154266
2,1.2875789286475343,400.0,84.99582147598267,3070.1109268665314
3,1.2138680482593993,160.0,71.65403270721436,4050.2123897075653
4,1.1461084425876427,580.0,70.73437213897705,4997.720319986343
