epoch,training/train_loss_mean,evaluation/eval_return,evaluation/eval_time,time/total
0,1.3509620182708295,270.0,62.44313168525696,3878.1083903312683
1,1.21340011769054,570.0,77.28140258789062,8025.481177806854
2,1.1211690023137066,1150.0,88.54457426071167,12187.803035736084
3,1.0223350199258945,640.0,66.68082284927368,16382.17100763321
4,0.9488072768883771,600.0,68.19072318077087,20585.471040010452
