epoch,training/train_loss_mean,evaluation/eval_return,evaluation/eval_time,time/total
0,1.3509620182708295,270.0,62.44313168525696,3878.1083903312683
1,1.21340011769054,570.0,77.28140258789062,8025.481177806854
