epoch,training/train_loss_mean,evaluation/eval_return,evaluation/eval_time,time/total
0,1.6669145085173147,660.0,97.23925971984863,3911.6043961048126
1,1.4501104479988478,970.0,134.4922957420349,8365.746246814728
2,1.2708291682108084,722.0,99.70203161239624,12732.815875053406
3,1.110100966933075,798.0,111.59992408752441,16824.463426589966
4,1.0041471860436861,1020.0,141.82713842391968,20991.58682322502
