epoch,training/train_loss_mean,evaluation/eval_return,evaluation/eval_time,time/total
0,1.2492997316720849,780.0,168.69882345199585,2971.342226266861
1,1.0304061548562156,350.0,158.1657576560974,6341.9002006053925
2,0.8016968041398985,630.0,149.83737516403198,9717.68667793274
3,0.6224618536108771,450.0,165.85942602157593,13221.02095413208
4,0.5081394944994253,440.0,155.52877521514893,16646.979058742523
