epoch,training/train_loss_mean,evaluation/eval_return,evaluation/eval_time,time/total
0,1.474034002334825,1710.0,109.12249636650085,952.6166303157806
1,1.3326149512703855,1450.0,95.22638654708862,1870.74640250206
2,1.2644667834684085,1760.0,109.6892158985138,2809.8014192581177
3,1.181041670431256,1150.0,96.55631136894226,3743.741322040558
4,1.1055716467428354,1620.0,93.37747621536255,4673.455455303192
