epoch,training/train_loss_mean,evaluation/eval_return,evaluation/eval_time,time/total
0,1.2576838051790589,990.0,123.08084011077881,3147.5063400268555
1,1.0141396877158928,820.0,49.26871085166931,6286.763550043106
2,0.7679152137123495,630.0,131.3690242767334,9607.84816813469
3,0.5902280435156835,1030.0,182.87996625900269,13168.150155544281
4,0.4800670910235618,750.0,147.5622317790985,16679.968389987946
