epoch,training/train_loss_mean,evaluation/eval_return,evaluation/eval_time,time/total
0,1.3227651737241441,2972.5,27.68252468109131,791.8123648166656
1,1.2092568441203575,5617.0,56.62828087806702,1368.7750601768494
2,1.1609282404519885,4180.0,27.144221544265747,1916.0567717552185
3,1.1217887943940372,5326.5,45.31161284446716,2481.4166882038116
4,1.0907217912383553,4688.5,43.4991455078125,3067.218654870987
