epoch,training/train_loss_mean,evaluation/eval_return,evaluation/eval_time,time/total
0,1.4862052761056406,1640.0,95.15673065185547,970.9903104305267
1,1.3674208345530343,930.0,79.32478284835815,1893.5297405719757
2,1.3358029227478843,1180.0,87.02034068107605,3107.035323858261
3,1.3116552985312384,1570.0,86.831294298172,4040.9282002449036
4,1.2911630920768393,1220.0,77.2187283039093,5257.890992641449
