epoch,training/train_loss_mean,evaluation/eval_return,evaluation/eval_time,time/total
0,0.9428934638950682,467.5,30.976271867752075,3147.5752980709076
1,0.8503582547764502,1192.5,44.90600371360779,5902.836363315582
2,0.8031785347433622,377.5,32.085541009902954,8648.496042490005
3,0.7556116115235086,542.5,45.30533003807068,11356.272101163864
4,0.7159058069547994,465.0,38.954633712768555,14176.687064647675
