epoch,training/train_loss_mean,evaluation/eval_return,evaluation/eval_time,time/total
0,1.1363967713216432,3561.0,683.5945045948029,1510.8754551410675
1,1.0445210375158667,4762.0,888.6175701618195,3518.016077041626
