epoch,training/train_loss_mean,evaluation/eval_return,evaluation/eval_time,time/total
0,1.533273284059464,1170.0,118.54107022285461,1107.9966650009155
1,1.3935950388683878,940.0,129.11943936347961,2115.2057757377625
2,1.2901799404877357,1030.0,131.5358076095581,3408.0854597091675
3,1.1656847980212774,1760.0,196.28554606437683,4776.229470729828
4,1.0613291088487866,1210.0,152.72097849845886,6145.783594608307
