epoch,training/train_loss_mean,evaluation/eval_return,time/total
0,0.8775414117003351,26.066666666666663,1491.4437003135681
1,0.771590947039623,45.26666666666667,3049.9108618100486
2,0.6958746512851189,51.26666666666667,4560.034708976746
3,0.622584579428794,71.2,6196.646504799525
4,0.5659836820421352,57.93333333333334,7787.087910493215
