epoch,training/train_loss_mean,evaluation/eval_return,time/total
0,0.9362972967563855,657.5,1463.1532950401306
1,0.8484469193327248,845.8333333333334,2923.4067701498666
2,0.804946534862688,902.5,4451.028243859609
3,0.761445029101736,892.5,5852.937222957611
4,0.7257154474792018,675.0,7386.078806877136
