epoch,training/train_loss_mean,evaluation/eval_return,time/total
0,0.9242704240601481,2265.0,1271.9058157602947
1,0.7262453556689911,2375.0,2589.988065958023
2,0.5285794660832074,2529.1666666666665,3998.595682938894
3,0.3812963705570391,2475.8333333333335,5376.933223962784
4,0.29216018844000374,2451.6666666666665,6783.856112082799
