epoch,training/train_loss_mean,evaluation/eval_return,time/total
0,0.8555062881733019,43.199999999999996,1392.90381248792
1,0.7016622125184414,58.800000000000004,2891.1718180974326
2,0.5234239877358734,52.86666666666667,4327.296057303746
3,0.3674025285522354,48.666666666666664,5772.004099607468
4,0.2692952948459289,52.333333333333336,7227.779723087947
