epoch,training/train_loss_mean,evaluation/eval_return,evaluation/eval_time,time/total
0,0.7759983311905595,26.6,87.34975981712341,6707.986090421677
1,0.3978229947063902,64.1,1481.112888097763,14550.986275911331
2,0.16910893652403106,51.7,7833.946759223938,29063.26521229744
3,0.09095767112157922,61.5,4309.704899311066,40151.065567970276
4,0.060852843871329665,58.2,8013.622216463089,54786.12594151497
