epoch,training/train_loss_mean,evaluation/eval_return,evaluation/eval_time,time/total
0,1.1711599050183135,311.5,51.85576057434082,928.7493674755096
1,1.0685926137402455,442.0,55.659488677978516,1971.845251083374
2,1.0129667968320506,344.0,52.241957902908325,3014.5585403442383
3,0.9603501652255884,519.5,83.49322986602783,4090.659942626953
4,0.9171765867006816,521.5,75.47763562202454,5362.85178899765
