epoch,training/train_loss_mean,evaluation/eval_return,evaluation/eval_time,time/total
0,1.3563271325954762,140.0,72.77267050743103,1089.0436644554138
1,1.2456098081450624,120.0,77.66454792022705,2169.4184987545013
2,1.196493626372963,130.0,82.92277646064758,3257.657680749893
3,1.136676029819793,160.0,80.04846119880676,4344.792845964432
4,1.0783205533222875,120.0,75.10494637489319,5454.843972206116
