epoch,training/train_loss_mean,evaluation/eval_return,evaluation/eval_time,time/total
0,0.8586863659310817,72.2,136.54538774490356,2588.8420894145966
1,0.6748512997666324,126.6,846.2009766101837,6264.96968793869
2,0.47723076687491495,65.8,211.0098466873169,9466.941856861115
3,0.32056757386562096,71.3,153.33459544181824,12611.676010608673
4,0.2266638690593361,72.2,260.7373275756836,15864.413778543472
