epoch,training/train_loss_mean,evaluation/eval_return,evaluation/eval_time,time/total
0,1.2532534884820818,850.0,119.42868995666504,825.6958274841309
1,1.1494404272754946,1090.0,125.51546669006348,1649.9087083339691
2,1.1121460392750884,940.0,121.98839950561523,2470.7927446365356
3,1.0785904663978116,910.0,124.40802121162415,3293.9115760326385
4,1.0473042281769682,1500.0,162.59717559814453,4155.7648639678955
