epoch,training/train_loss_mean,evaluation/eval_return,evaluation/eval_time,time/total
0,1.2054517798343196,860.0,54.42006015777588,4041.2632274627686
1,0.8281610455808429,470.0,47.81581735610962,8511.479040145874
2,0.5313481482645211,770.0,49.334282636642456,12913.253448724747
3,0.36237244058497675,570.0,50.62539219856262,17306.54027199745
4,0.2704694776033293,630.0,49.16757845878601,21698.44733929634
