epoch,training/train_loss_mean,evaluation/eval_return,evaluation/eval_time,time/total
0,1.2699091961586366,1200.0,136.37555956840515,845.5100409984589
1,1.1419894272497757,1120.0,156.48134922981262,1719.0740849971771
2,1.1010605277095138,1330.0,142.0052080154419,2581.277489423752
3,1.0609988816379892,1830.0,178.11905169487,3479.081221342087
4,1.020919890157276,1450.0,159.80142188072205,4354.727067947388
