epoch,training/train_loss_mean,evaluation/eval_return,evaluation/eval_time,time/total
0,1.0354451673249374,5039.0,204.37361192703247,4641.173191785812
1,0.9081675085542877,4767.5,106.67464470863342,9282.259633779526
2,0.8200744517448921,3528.0,155.24817204475403,13923.820156812668
3,0.7443206707636515,3945.5,261.06525778770447,18672.06804084778
4,0.6899792739994637,3894.5,317.8565180301666,23500.790722846985
