epoch,training/train_loss_mean,evaluation/eval_return,evaluation/eval_time,time/total
0,1.6305618177538885,-20.3,84.79079842567444,969.7735278606415
1,1.6182924821408524,-20.6,76.77373552322388,2003.5360207557678
2,1.611794609435383,-20.4,88.71519613265991,3030.68963766098
3,1.550654305162303,-13.0,263.9592523574829,4423.960548877716
4,1.5237890348951795,-6.2,430.67763233184814,5978.9563891887665
