epoch,training/train_loss_mean,evaluation/eval_return,evaluation/eval_time,time/total
0,1.1330426468331836,5792.0,84.21099495887756,1104.2474195957184
1,1.0455905968664612,7713.5,65.3723464012146,2023.3431334495544
2,1.0064007724075748,6755.5,60.274240493774414,2953.2235605716705
3,0.9722926767663067,7531.5,87.36250019073486,4246.737057924271
4,0.9439703477746755,7652.5,143.650785446167,5375.342942237854
