epoch,training/train_loss_mean,evaluation/eval_return,evaluation/eval_time,time/total
0,1.1338500163633236,2713.0,45.68564987182617,931.0728356838226
1,1.0468673383628333,2989.0,93.1989734172821,1898.3996374607086
2,1.008982643927376,2931.5,82.72651243209839,3171.891489505768
3,0.9758419667808158,2994.5,71.7387125492096,4439.503747463226
4,0.9484804058819246,3012.0,59.7299702167511,5732.035015106201
