epoch,training/train_loss_mean,evaluation/eval_return,evaluation/eval_time,time/total
0,1.1329316450483113,4213.0,40.18825888633728,929.4702219963074
1,1.045481051887436,4170.0,26.8413188457489,1811.2436666488647
2,1.0061908680011453,3483.0,38.09063363075256,2728.32914185524
3,0.9720809771741303,6056.5,39.366899251937866,3798.9415230751038
4,0.9435722403296917,5533.5,31.611076593399048,4727.243397474289
