epoch,training/train_loss_mean,evaluation/eval_return,evaluation/eval_time,time/total
0,1.4319273550654386,6231.0,53.6204309463501,939.3683865070343
1,1.3203282134803804,8523.0,64.7802619934082,1902.4190864562988
2,1.2707233143438459,9798.0,91.71074199676514,3179.5721185207367
3,1.227288675771887,10172.5,95.77046751976013,4505.209577083588
4,1.1924945848136987,10523.0,68.06831479072571,5764.563744544983
