epoch,training/train_loss_mean,evaluation/eval_return,evaluation/eval_time,time/total
0,1.4908718528986709,1870.0,94.68711924552917,908.1672942638397
1,1.370834248824886,5190.0,158.98795986175537,1970.455821275711
2,1.3404601002788836,5130.0,160.23702883720398,3035.5917224884033
3,1.3171946586947603,2670.0,114.23377060890198,4059.0359354019165
4,1.2990442504048225,4080.0,130.32743382453918,5133.5325701236725
