epoch,training/train_loss_mean,evaluation/eval_return,evaluation/eval_time,time/total
0,1.256547761341882,7101.5,100.56678652763367,4284.750166416168
1,1.092232606713734,7822.5,250.1568284034729,9179.998447656631
2,0.9725918291900565,5970.5,311.28921842575073,14279.358050346375
3,0.8704853674050667,6080.5,375.2619707584381,19422.275476932526
4,0.7998113177155936,4345.0,439.3966634273529,24806.18057489395
