epoch,training/train_loss_mean,evaluation/eval_return,time/total
0,1.361740347613459,1.9,52.767754554748535
1,1.1925029174141262,2.2,107.47944402694702
