epoch,training/train_loss_mean,evaluation/eval_return,evaluation/eval_time,time/total
0,1.3664004753897598,684.0,76.03308653831482,644.0563099384308
1,1.2381796850274749,710.5,140.99200177192688,1337.0568187236786
2,1.171238549046043,316.0,84.1301486492157,1973.9544596672058
3,1.1108833566353777,854.5,195.13874220848083,2723.27197098732
4,1.061559795601219,203.5,135.63866257667542,3385.492578268051
