epoch,training/train_loss_mean,evaluation/eval_return,evaluation/eval_time,time/total
0,0.7576080011051209,49.7,351.09301924705505,8828.765953302383
1,0.37413261772026535,63.1,1344.9903042316437,18762.989030838013
