epoch,training/train_loss_mean,evaluation/eval_return,evaluation/eval_time,time/total
0,1.2301100219022416,6660.0,61.43347716331482,3089.72713804245
1,1.0697467936898157,7370.5,280.57423186302185,6401.68461728096
2,0.9542271912677802,12587.0,294.5471520423889,9718.027400493622
3,0.8553091152411391,7568.5,238.42230224609375,13036.351552248001
4,0.7866907235420001,10877.0,193.93825006484985,16789.675280809402
