epoch,training/train_loss_mean,evaluation/eval_return,evaluation/eval_time,time/total
0,1.2199055458482448,3011.5,133.3910617828369,3199.430123090744
1,0.8644791760935395,3041.0,122.92577910423279,6410.023644924164
2,0.6360133699252553,2997.0,174.77524828910828,9673.324953317642
3,0.49529721045030184,2969.0,251.9840362071991,13044.049755334854
4,0.40854477894593066,2962.0,240.55732035636902,16406.169673919678
