epoch,training/train_loss_mean,evaluation/eval_return,time/total
0,1.5017919893279397,3.6,2976.9994814395905
1,1.114312735163361,9.6,5903.715775251389
2,0.7425633399215944,-5.7,9026.290452241898
3,0.5126986958711182,12.0,12246.265306472778
4,0.3911718842259214,3.8,15680.711748361588
