epoch,training/train_loss_mean,evaluation/eval_return,evaluation/eval_time,time/total
0,1.5418227954943609,3.9,449.8624212741852,4283.208488702774
1,1.388814292989263,7.1,475.8559293746948,8901.967227220535
2,1.2526858277157278,8.4,486.7678551673889,13555.120829105377
3,1.1364074750735218,6.8,513.9930551052094,18013.82210636139
4,1.063534787539879,10.1,455.87334060668945,22319.069378376007
