epoch,training/train_loss_mean,evaluation/eval_return,evaluation/eval_time,time/total
0,1.672858026584071,-20.5,84.26735258102417,896.0114068984985
1,1.6603336749691802,-20.8,79.8374936580658,1797.6839513778687
2,1.654277513312708,-20.4,84.74829912185669,2712.5615046024323
3,1.6467698193865399,-20.0,90.5658507347107,3639.4806411266327
4,1.6386282761851012,-20.3,86.35889267921448,4552.82129907608
