epoch,training/train_loss_mean,evaluation/eval_return,evaluation/eval_time,time/total
0,1.1244460131898637,3830.0,140.37179684638977,3532.9131264686584
1,0.6568615786765578,3059.5,82.77930355072021,7209.110420703888
2,0.4389343358160469,3272.5,106.02558636665344,10412.899721860886
3,0.32068291793282194,3781.0,86.33827114105225,13749.873584032059
4,0.2513353354614695,3443.5,77.12907862663269,16951.01344847679
