epoch,training/train_loss_mean,evaluation/eval_return,evaluation/eval_time,time/total
0,0.9405292596990368,2981.0,121.4909303188324,4515.686878442764
1,0.5889000171004841,2976.5,70.25954270362854,8657.360626459122
2,0.4113028309647999,2876.5,78.23446440696716,12866.249721050262
3,0.3045868282814363,2956.0,69.00989127159119,17051.238572835922
4,0.23988215792380538,2971.5,98.1586766242981,21209.00251531601
