epoch,training/train_loss_mean,evaluation/eval_return,evaluation/eval_time,time/total
0,0.8504212010657549,77.7,119.67067289352417,3088.7989296913147
1,0.684719659216393,51.4,135.38932514190674,6308.622351408005
2,0.4984835003866517,57.0,128.96032643318176,9445.297619104385
3,0.34188720796026456,68.4,204.71160745620728,12780.03026008606
4,0.24360264482952299,109.2,195.91638231277466,15668.15875673294
