epoch,training/train_loss_mean,evaluation/eval_return,evaluation/eval_time,time/total
0,0.8485345772700742,38.1,112.70498394966125,3178.769016981125
1,0.6786822847262811,98.5,222.68291878700256,6010.9549124240875
2,0.4889882384998275,84.2,144.7500376701355,9202.372610807419
3,0.3327479285578574,61.5,140.29814863204956,12401.61553311348
4,0.23715170066569075,89.9,1690.622116804123,17122.529358148575
