epoch,training/train_loss_mean,evaluation/eval_return,evaluation/eval_time,time/total
0,1.1328015932041156,6023.5,58.54374313354492,955.3955533504486
1,1.0487423225886503,6108.0,96.67486476898193,2062.7425253391266
2,1.0127870975521716,6279.5,73.66456961631775,3185.7810719013214
3,0.9816792513965462,5660.0,44.62998652458191,4433.421763896942
4,0.955706440682543,7782.5,42.20065712928772,5414.651717662811
