epoch,training/train_loss_mean,evaluation/eval_return,evaluation/eval_time,time/total
0,1.389193403745259,2787.5,70.65109610557556,983.9717056751251
1,1.228569752606301,2971.0,110.71531581878662,2160.9918777942657
2,1.124227782049833,2954.5,78.51383948326111,3280.837144136429
3,1.017020975097541,3017.5,80.43140530586243,4357.402022361755
4,0.9309666240349519,3021.0,117.94472002983093,5493.577511310577
