epoch,training/train_loss_mean,evaluation/eval_return,evaluation/eval_time,time/total
0,1.2424680052875434,2070.0,95.50296330451965,3960.3191425800323
1,0.7814747918830184,1930.0,98.55439853668213,8266.717948198318
2,0.4963970122371523,1710.0,102.52184581756592,12389.793503284454
3,0.3440632152819841,1560.0,99.33633518218994,16593.30577325821
4,0.25910413227078855,1700.0,110.77231884002686,20810.377422571182
