epoch,training/train_loss_mean,evaluation/eval_return,evaluation/eval_time,time/total
0,0.9296665596132269,27.8,80.1694483757019,908.7405080795288
1,0.8387365684355538,53.5,92.60319900512695,1985.253725528717
