epoch,training/train_loss_mean,evaluation/eval_return,evaluation/eval_time,time/total
0,0.9296665596132269,27.8,80.1694483757019,908.7405080795288
1,0.8387365684355538,53.5,92.60319900512695,1985.253725528717
2,0.7847111406626452,72.9,169.90180158615112,3112.8987119197845
3,0.7291872290286218,38.1,134.6548933982849,4189.487156391144
4,0.6792208889733805,82.3,307.991379737854,5436.690138101578
