epoch,training/train_loss_mean,evaluation/eval_return,evaluation/eval_time,time/total
0,1.5944952721236854,924.0,141.97488856315613,3037.4584584236145
1,1.1623314731376206,740.0,106.61174440383911,5670.176342964172
2,0.8232735396041909,970.0,146.28811264038086,8430.165401220322
3,0.6080127151819357,1070.0,152.05647897720337,11117.047041893005
4,0.4813440381503996,904.0,133.78180575370789,13785.878592729568
