epoch,training/train_loss_mean,evaluation/eval_return,evaluation/eval_time,time/total
0,0.8719995574223586,34.5,88.03679728507996,3013.584055662155
1,0.7696743864190316,60.8,122.9710545539856,6052.366384744644
2,0.6947368900408454,43.6,98.2588095664978,8684.41906285286
3,0.6222659581389967,46.8,114.8403251171112,11674.440884113312
4,0.5665752311211882,36.1,95.41826295852661,14646.94065618515
