epoch,training/train_loss_mean,evaluation/eval_return,evaluation/eval_time,time/total
0,1.2623606816529007,490.0,43.900524854660034,850.3871669769287
1,1.1564684707286292,580.0,39.66604709625244,1419.0339891910553
2,1.1091280688465923,930.0,50.683637857437134,1999.028882741928
3,1.0526402339781562,500.0,40.467058181762695,2569.5916197299957
4,0.9979178508326122,550.0,45.56991624832153,3145.6609365940094
