epoch,training/train_loss_mean,evaluation/eval_return,evaluation/eval_time,time/total
0,1.3315247555482224,1840.0,103.65284514427185,3134.0473730564117
1,1.0171211904827533,1690.0,83.10066342353821,5827.570728778839
2,0.7514210900342349,1580.0,86.12028622627258,8537.36445236206
3,0.5729327481707365,1600.0,89.19554901123047,11645.80024266243
4,0.46458929243053587,1670.0,87.21649408340454,14771.51045203209
