epoch,training/train_loss_mean,evaluation/eval_return,evaluation/eval_time,time/total
0,0.9066265273911682,42.6,116.35077214241028,987.8728830814362
1,0.8204956554799143,64.2,129.1617956161499,2100.386863708496
2,0.7724640431338226,121.1,250.07277822494507,3337.2866032123566
3,0.7213242736358115,79.0,151.03793096542358,4470.346437215805
4,0.6744942425339346,79.0,199.98242139816284,5655.199383735657
