epoch,training/train_loss_mean,evaluation/eval_return,evaluation/eval_time,time/total
0,1.2920620327352135,3830.5,69.82282495498657,635.2274527549744
1,1.1799144813811888,5531.0,45.84673047065735,1199.473586320877
2,1.1323754732843065,5669.5,50.42695116996765,1786.0496060848236
3,1.0937597587811423,6053.5,65.76838970184326,2385.9867684841156
4,1.0617142909319885,4622.0,94.30959796905518,3028.6414663791656
