epoch,training/train_loss_mean,evaluation/eval_return,evaluation/eval_time,time/total
0,1.0357607120864525,4727.5,83.66686272621155,1703.302567243576
1,0.9371919536126679,3770.5,122.50331974029541,3441.3259375095367
2,0.8807639808027303,4211.5,115.7887556552887,5212.961230993271
3,0.8283474374232509,5093.0,81.67481684684753,7497.937611341476
4,0.7885921557500187,6610.5,62.21789503097534,9780.895220041275
