epoch,training/train_loss_mean,evaluation/eval_return,evaluation/eval_time,time/total
0,1.1662121219608166,338.0,52.315666913986206,953.2949841022491
1,1.0641930712770171,535.0,83.8396110534668,2041.9466753005981
2,1.0081284896622174,520.5,72.3741807937622,3111.114094018936
3,0.9546183563669726,359.0,57.88191509246826,4381.129762649536
4,0.9101052265328297,386.5,54.84770369529724,5474.693115949631
