epoch,training/train_loss_mean,evaluation/eval_return,evaluation/eval_time,time/total
0,1.6791333245035325,-20.9,79.22605848312378,948.8366529941559
1,1.6505170684143855,-20.0,93.60213875770569,1881.4394459724426
2,1.5862274919097963,-12.3,298.03315687179565,3026.543353319168
3,1.5482182381951088,-1.7,374.3873915672302,4558.094631195068
4,1.5247197324446304,-3.3,387.4194085597992,5903.3530814647675
