epoch,training/train_loss_mean,evaluation/eval_return,evaluation/eval_time,time/total
0,0.8774743797653343,55.3,110.21969556808472,4459.9992554187775
1,0.761175876938253,81.2,164.5188512802124,8850.084580659866
2,0.672792907226287,73.2,218.21894121170044,13146.236265420914
3,0.5880746993112735,70.7,149.90986561775208,17324.900864839554
4,0.5252910528467425,63.0,219.65484809875488,21691.26743412018
