epoch,training/train_loss_mean,evaluation/eval_return,evaluation/eval_time,time/total
0,1.6896274332748702,644.0,100.0753083229065,2673.87984418869
1,1.517230102177223,792.0,103.39390230178833,5843.042952537537
2,1.4062314738509476,758.0,110.81321859359741,8995.236442565918
3,1.2969618141498556,606.0,85.32434606552124,12086.75180220604
4,1.2142970168889637,664.0,90.27370738983154,14898.072314500809
