epoch,training/train_loss_mean,evaluation/eval_return,evaluation/eval_time,time/total
0,1.108750041454069,2950.5,156.23596024513245,4743.816945075989
1,0.6511246967608662,2950.5,159.91954612731934,8037.399954080582
2,0.4337120073395879,2980.5,312.125284910202,11493.329018592834
3,0.31413343663222965,2970.5,160.6546471118927,14791.577691078186
4,0.24503348779202241,3024.0,190.3948576450348,18127.445116758347
