epoch,training/train_loss_mean,evaluation/eval_return,evaluation/eval_time,time/total
0,1.3680518715429233,3360.0,119.93463802337646,2735.357338666916
1,1.249904703373672,4140.0,128.64395761489868,5821.780970573425
2,1.1981112729325027,3380.0,113.4107551574707,8976.505078554153
3,1.1410544661455013,1910.0,88.76589822769165,12003.16600394249
4,1.0926523501605665,1530.0,88.96349787712097,15073.58367729187
