epoch,training/train_loss_mean,evaluation/eval_return,evaluation/eval_time,time/total
0,1.8150313567358738,324.0,73.12259244918823,896.707355260849
1,1.667171998546214,558.0,89.51598024368286,1791.458080291748
2,1.6035331189327378,594.0,91.75501012802124,2713.0667123794556
3,1.5572537401559532,476.0,71.78847002983093,3840.9468348026276
4,1.5234126537092632,774.0,103.58173823356628,5030.43675160408
