epoch,training/train_loss_mean,evaluation/eval_return,evaluation/eval_time,time/total
0,1.6128323737040025,-18.4,127.12162971496582,1080.8477613925934
1,1.5073203959386936,7.6,448.1459312438965,2363.707396507263
2,1.442327981717511,10.1,387.88403034210205,3600.893224477768
3,1.3793565921310027,10.8,442.00980281829834,5190.064765691757
4,1.325120016398669,12.7,411.35588121414185,6708.978538274765
