epoch,training/train_loss_mean,evaluation/eval_return,evaluation/eval_time,time/total
0,0.927582611594515,480.0,28.928421020507812,2976.7187733650208
1,0.8383412023293807,387.5,30.015180587768555,5942.01774764061
2,0.7994339780446144,455.0,34.09731197357178,8925.672167778015
3,0.7606420442500117,460.0,33.168450593948364,11663.811489105225
4,0.7280148622077731,542.5,34.184948205947876,14830.885994911194
