epoch,training/train_loss_mean,evaluation/eval_return,evaluation/eval_time,time/total
0,1.8037897124505213,611.0,54.37255120277405,903.4630155563354
1,1.699196150139386,543.0,46.96867752075195,1784.9824442863464
2,1.6409277120412555,692.0,55.90146231651306,2694.689788341522
3,1.5942184311340628,827.0,57.519484758377075,3550.3679156303406
4,1.5583526982621747,1145.0,72.25788044929504,4570.277197122574
