epoch,training/train_loss_mean,evaluation/eval_return,evaluation/eval_time,time/total
0,0.9605893086788903,0.0,11570.39564204216,14631.694377183914
1,0.617216286601864,0.0,13352.021333694458,30305.0993373394
2,0.48656145389789324,0.0,4314.69482922554,37249.95734167099
