epoch,training/train_loss_mean,evaluation/eval_return,evaluation/eval_time,time/total
0,1.115205124920442,3011.0,49.61925435066223,1030.1291480064392
1,1.0066011721609558,2977.5,31.326061725616455,1958.6951885223389
2,0.9417559728712728,2846.0,25.011431455612183,2886.2202718257904
3,0.8712819541366952,2939.5,30.59885573387146,3809.450800895691
4,0.811156739903082,2925.5,28.2431743144989,4728.454041957855
