epoch,training/train_loss_mean,evaluation/eval_return,time/total
0,0.860167272792996,81.6,1407.218160867691
1,0.6912223649278729,84.2,2945.015240430832
2,0.5036480018195922,65.6,4725.440059423447
3,0.35048759621046427,87.1,6513.955897331238
