epoch,training/train_loss_mean,evaluation/eval_return,evaluation/eval_time,time/total
0,1.7452445531086644,600.0,53.303181886672974,874.9291417598724
1,1.5747290839924417,782.0,59.89120316505432,1765.835487127304
2,1.4503472879940802,913.0,59.9160897731781,2664.8901579380035
3,1.3114646282142357,884.0,62.33655405044556,3569.458151102066
4,1.1968006422112152,1109.0,76.84352040290833,4819.456210136414
