epoch,training/train_loss_mean,evaluation/eval_return,evaluation/eval_time,time/total
0,1.8072337099449174,302.0,57.296671867370605,896.9302895069122
1,1.6566474249199445,788.0,110.35314011573792,1942.8875668048859
2,1.5923431680414792,962.0,131.7543830871582,3037.4338376522064
3,1.545499912730991,806.0,118.1183729171753,4089.103286743164
4,1.5116319206134323,1124.0,144.98572969436646,5349.7572276592255
