epoch,training/train_loss_mean,evaluation/eval_return,evaluation/eval_time,time/total
0,1.6322641608780946,-20.3,88.68286347389221,928.7004442214966
1,1.5674928931887342,-9.1,318.0539200305939,2076.8878858089447
2,1.4670637057771947,4.4,498.18992471694946,3403.9264459609985
3,1.4018761236811612,5.8,447.8105878829956,4803.187392950058
4,1.350840351903695,13.0,367.04795265197754,6091.127027511597
