epoch,training/train_loss_mean,evaluation/eval_return,evaluation/eval_time,time/total
0,1.366753443511262,1336.0,196.1494917869568,1149.575846195221
1,1.2982175466104076,942.0,168.06259536743164,2271.9823830127716
2,1.2496801903938441,1036.0,191.7795922756195,3440.862599134445
3,1.2199973704382976,927.0,176.0365607738495,4884.8746945858
4,1.200853746464455,1048.0,185.51654982566833,6330.2814972400665
