epoch,training/train_loss_mean,evaluation/eval_return,evaluation/eval_time,time/total
0,0.8638673792786312,2585.0,45.611860275268555,4016.778183698654
1,0.5359641618900768,2890.0,43.27277421951294,8420.219238519669
2,0.3179622281073791,3170.0,47.07020616531372,12941.480863571167
3,0.20521781978488762,2250.0,45.404356718063354,16949.758492469788
4,0.15183557105320755,3295.0,44.60131001472473,21072.180698156357
