epoch,training/train_loss_mean,evaluation/eval_return,evaluation/eval_time,time/total
0,1.686360009315987,734.0,290.90700101852417,4294.140025138855
1,1.5021586031164198,716.0,272.8611853122711,8935.700102806091
2,1.3693078504241067,1006.0,325.12779116630554,13619.34341430664
3,1.244251164484195,942.0,293.32572841644287,17924.69124341011
4,1.1594097547145361,848.0,94.8029294013977,22189.329966306686
