epoch,training/train_loss_mean,evaluation/eval_return,evaluation/eval_time,time/total
0,0.8749298740519784,3287.5,47.76535105705261,3700.5607805252075
1,0.5787867764540349,3300.0,45.96613836288452,7523.440890550613
2,0.3437577725845426,2600.0,46.483295917510986,11348.362778186798
3,0.21990014857593954,2970.0,47.418089866638184,15115.274240255356
4,0.1614563393244912,1625.0,45.89167904853821,18891.283099412918
