epoch,training/train_loss_mean,evaluation/eval_return,evaluation/eval_time,time/total
0,1.1481206110519422,402.5,74.28339576721191,932.2071108818054
1,1.0167703677346298,472.5,67.69689989089966,1986.4539601802826
2,0.9148519953966385,577.5,81.95968556404114,3059.9234158992767
3,0.8077564172393346,487.5,72.04961276054382,4142.6013832092285
4,0.7206567945902521,566.5,88.11597871780396,5246.347833633423
