epoch,training/train_loss_mean,evaluation/eval_return,evaluation/eval_time,time/total
0,0.8897240429552042,2837.5,42.034398317337036,3686.544806241989
1,0.5922098595151154,1427.5,37.77489519119263,7450.568910121918
2,0.348328173160553,1852.5,53.31799006462097,11232.136629343033
3,0.21997321398973588,2457.5,42.1289758682251,15098.069420337677
4,0.1611248147652446,1177.5,44.8500018119812,18881.13469338417
