epoch,training/train_loss_mean,evaluation/eval_return,time/total
0,0.8770365167970526,15.4,1310.5499560832977
1,0.7685114585282777,47.7,3071.7067160606384
2,0.6916734018887075,45.1,4693.946002244949
3,0.6165281030987798,83.5,6454.415729761124
4,0.5581757896204155,69.9,8100.940658330917
