epoch,training/train_loss_mean,evaluation/eval_return,time/total
0,0.8770365167970526,15.4,1310.5499560832977
1,0.7685114585282777,47.7,3071.7067160606384
