epoch,training/train_loss_mean,evaluation/eval_return,evaluation/eval_time,time/total
0,1.3686369509801948,590.0,70.16310167312622,2879.205696582794
1,1.2536332714087648,1650.0,84.41794729232788,6216.163823843002
2,1.2005536340165615,1570.0,87.65411710739136,9559.443175077438
3,1.1431317706628146,1620.0,92.85451817512512,13004.502136945724
4,1.0944819653028106,1750.0,108.03209328651428,16388.251007795334
