epoch,training/train_loss_mean,evaluation/eval_return,evaluation/eval_time,time/total
0,1.5003244823757587,1124.0,168.7295744419098,3962.8911805152893
1,0.9015984703685098,1070.0,161.89444017410278,8235.851971626282
2,0.5575339532911747,748.0,108.1291184425354,12475.344889640808
3,0.38392208210639445,764.0,104.55137085914612,16717.408574342728
4,0.28919483242862604,966.0,138.78501343727112,20979.525484085083
