epoch,training/train_loss_mean,evaluation/eval_return,evaluation/eval_time,time/total
0,1.8977809843655862,-49.4,276.82219433784485,1260.8771831989288
1,1.808597161801591,-8.0,261.2052297592163,2355.7778267860413
2,1.763000678686671,-7.9,238.47129917144775,3769.552001476288
3,1.7187294504293522,-3.2,243.19775938987732,5157.885108947754
4,1.680359546701398,8.3,232.0265498161316,6367.543635606766
