epoch,training/train_loss_mean,evaluation/eval_return,evaluation/eval_time,time/total
0,1.2776352007289016,490.0,38.98481225967407,599.1109645366669
1,1.1879202190904803,280.0,36.597532510757446,1153.1731119155884
2,1.1595471414719292,380.0,37.890613079071045,1706.9624893665314
3,1.1390794076963482,460.0,44.43201279640198,2291.7093245983124
4,1.122211046936324,430.0,42.316710472106934,2862.558798313141
