epoch,training/train_loss_mean,evaluation/eval_return,evaluation/eval_time,time/total
0,1.1585270637072462,4599.0,40.76350665092468,949.5020797252655
1,1.0761862110457132,6177.0,45.99853444099426,1887.0039167404175
2,1.040504253752522,5653.5,54.27299880981445,2849.4063351154327
3,1.0084157617821785,6409.5,43.928191900253296,3817.7105791568756
4,0.9822169251915376,5684.0,39.283714294433594,4878.285874128342
