epoch,training/train_loss_mean,evaluation/eval_return,evaluation/eval_time,time/total
0,0.9253773948991232,365.0,33.5727264881134,3818.7250883579254
1,0.8185367254922772,760.0,37.82930827140808,7974.663642168045
2,0.7518527564853507,710.0,32.95911264419556,12125.890781402588
3,0.6843980216882318,320.0,33.6861047744751,15945.91517162323
4,0.632600338441924,157.5,30.63290572166443,19758.983172416687
