epoch,training/train_loss_mean,evaluation/eval_return,evaluation/eval_time,time/total
0,1.3827021674099573,2931.0,48.01246905326843,972.4104001522064
1,1.227834075658812,3000.0,104.28935313224792,1987.1955108642578
2,1.1285467715504958,3402.0,79.1165201663971,3295.493326187134
3,1.0261869272836766,3011.5,105.65345788002014,4641.623708724976
4,0.9435668879454553,3033.0,102.96274900436401,5985.728056430817
