epoch,training/train_loss_mean,evaluation/eval_return,evaluation/eval_time,time/total
0,1.3295811831005035,1880.0,108.63880515098572,3132.126113653183
1,1.01689163041127,1580.0,93.25090312957764,5754.758637666702
2,0.7482994091675578,1620.0,100.11951065063477,8392.823760271072
3,0.5630848207079443,1630.0,96.22927212715149,11047.186652421951
4,0.44938622246445353,1590.0,94.78892064094543,13702.407284259796
