epoch,training/train_loss_mean,evaluation/eval_return,evaluation/eval_time,time/total
0,1.5103963806904936,750.0,125.5566041469574,1000.7398540973663
1,1.3818747689194422,1410.0,167.23128986358643,2028.7982659339905
2,1.2894205409526336,1400.0,127.88809871673584,3026.8884694576263
3,1.1763711441136675,1190.0,135.11626362800598,4371.165648698807
4,1.079405548171109,1220.0,137.37308549880981,5684.861172676086
