epoch,training/train_loss_mean,evaluation/eval_return,evaluation/eval_time,time/total
0,1.356799707739889,2020.0,287.845308303833,4173.292276144028
1,1.2284552777539872,1910.0,249.75952410697937,8346.632811307907
2,1.147779089697678,1830.0,286.032710313797,12717.98337483406
3,1.0585913966389358,1910.0,264.629860162735,17258.605705022812
4,0.990725010282494,1730.0,258.04939007759094,21487.617668390274
