epoch,training/train_loss_mean,evaluation/eval_return,evaluation/eval_time,time/total
0,1.1336376347036665,7244.0,107.13874793052673,979.6570382118225
1,1.0501390318238504,8861.5,69.57834386825562,1905.127892255783
2,1.0150296793013291,8904.0,58.497644901275635,2829.2476501464844
3,0.9851130129065948,7234.0,130.46856832504272,3840.6335513591766
4,0.9599306494638156,9322.0,123.64325475692749,5126.365626811981
