epoch,training/train_loss_mean,evaluation/eval_return,evaluation/eval_time,time/total
0,1.133554327420837,2995.0,57.68867325782776,1049.9990022182465
1,1.049444703173613,2966.5,47.01504468917847,2088.1689059734344
2,1.014236942253923,3009.5,87.06599950790405,3205.4318137168884
3,0.9840953298820566,3029.0,39.91037726402283,4462.701949119568
4,0.9587124136172639,3006.0,111.7764687538147,5518.377838134766
