epoch,training/train_loss_mean,evaluation/eval_return,evaluation/eval_time,time/total
0,1.1349689530679612,3206.5,42.031715869903564,923.21497631073
1,1.0518017676616032,5176.5,44.187747955322266,1835.0881624221802
2,1.018121230138605,5077.0,43.34324884414673,2748.1913888454437
3,0.9892108286659451,6743.5,58.15318036079407,3966.3935935497284
4,0.9647893469128662,5435.0,77.8277690410614,5031.500864744186
